id,delay
TU 0216 ,21.087235145339918
TU 0543 ,19.774361256850224
TU 0527 ,19.820424266140407
UG 0011 ,21.073385288144937
TU 0214 ,21.13105573640785
TU 0634 ,19.845318841208922
TU 0751 ,20.586329958920963
TU 0589 ,19.349049467258798
TU 0724 ,20.778853677388362
TU 0217 ,20.792046854430932
TU 0711 ,20.21332644340401
TU 0847 ,21.428528963202112
TU 0716 ,20.161796686635224
TU 0996 ,19.702607933739763
TU 0756 ,21.15781788440956
TU 0718 ,19.520337940491213
TU 0789 ,20.857191753699013
TU 0634 ,19.62135760115771
TU 0705 ,20.5181463278714
TU 0722 ,21.239194845705764
TU 0375 ,19.548985214422437
TU 0701 ,21.084442360547595
TU 0757 ,19.67428041356353
TU 0813 ,20.600898602771323
TU 0719 ,19.295740058375902
TU 0722 ,20.03722707907214
TU 0716 ,19.91326945507417
TU 0753 ,20.602867654123006
TU 0789 ,20.30229288692542
TU 0282 ,20.198428887146036
TU 0589 ,19.90640088402431
TU 0217 ,20.027942994449152
TU 0930 ,19.317738810535825
TU 0788 ,20.2341150070446
TU 0931 ,19.588159320783255
TU 0997 ,20.877213222871546
TU 0539 ,19.422791901978425
TU 0719 ,19.648698982426346
TU 0246 ,20.640787195076665
TU 0399 ,20.56826879950911
TU 0543 ,21.12909757123504
TU 0814 ,22.246181651709268
TU 0724 ,20.2142096670534
TU 0723 ,20.207060402635495
TU 0841 ,24.49081778174459
TU 0756 ,20.916279206517444
TU 0712 ,20.533465485540596
TU 0397 ,23.27099140304624
TU 0514 ,20.397557812271504
TU 0716 ,21.26160544826
TU 0635 ,19.469477068729933
TU 0712 ,20.313379314169925
TU 0753 ,19.27048989532563
TU 0903 ,19.618485887967385
TU 6593 ,19.945869543484203
TU 0613 ,24.662539246054163
TU 0214 ,20.792820229767514
TU 0790 ,20.580643510400353
TU 0931 ,19.456639162397472
TU 0751 ,20.586329958920963
TU 0789 ,19.63754970394427
TU 0480 ,19.491393211945905
TU 0208 ,20.076037910150223
TU 0397 ,21.498526675188415
TU 0216 ,20.36137473013561
TU 0202 ,20.694658292186922
TU 0283 ,19.85655591825487
TU 0607 ,21.130224041503826
TU 0527 ,20.42056018613413
TU 0790 ,20.07516657457097
TU 0902 ,19.69249039876274
TU 0705 ,20.5181463278714
TU 0719 ,19.918999313324708
TU 0375 ,20.184132075713862
TU 0214 ,20.835206320673688
TU 0716 ,20.393995373198305
TU 0750 ,20.217913313141146
TU 0788 ,20.995081684830417
TU 0541 ,19.64491862885977
TU 0724 ,19.801445069031196
TU 0711 ,20.552975146492898
TU 0744 ,20.223561816462794
TU 0930 ,19.4717354399263
TU 0725 ,19.888852286154652
TU 0472 ,20.750388063707124
TU 0931 ,19.69996586608219
TU 0643 ,21.966913699041708
TU 0282 ,19.392661794429973
TU 0606 ,20.286921717238112
TU 0791 ,20.00169531675192
TU 0441 ,19.629350647424786
TU 0463 ,19.73177604717263
TU 0756 ,20.817424824259206
TU 0319 ,22.388460904945514
TU 0789 ,21.04862977735419
TU 0246 ,19.240290364812708
TU 0543 ,20.49585165769367
TU 0881 ,20.490632712691635
TU 0629 ,20.038034332072602
TU 0756 ,20.778354136404054
TU 0757 ,20.4137476577404
TU 0791 ,21.21520875256042
TU 0217 ,19.63241912343565
TU 0397 ,20.17903499103533
TU 0716 ,19.80172673762503
TU 0725 ,19.888852286154652
TU 0750 ,20.138850802805674
TU 0216 ,21.244787895835938
TU 0527 ,19.453904564037593
TU 0399 ,20.900003202409188
UG 0010 ,20.601196948486074
TU 0399 ,21.895057454845766
TU 0756 ,19.851295330184794
TU 0718 ,19.967085577079366
TU 0700 ,20.784914546773113
TU 0642 ,20.1455004209655
TU 0397 ,21.29796861257795
UG 0010 ,20.592995510933243
TU 0217 ,19.73928165852595
TU 0554 ,19.973443117937045
TU 0282 ,20.694679633562032
TU 0202 ,20.956460202838468
UG 1730 ,19.691131105296215
TU 0745 ,19.872668027455816
TU 0717 ,19.728262835587646
TU 0543 ,18.91708004114225
TU 0527 ,20.42056018613413
TU 0374 ,22.066130214954928
TU 0375 ,21.44061733087272
TU 0613 ,19.12963423287727
TU 0724 ,21.008262948477867
UG 0011 ,19.779652188806757
TU 0930 ,19.590606159791236
TU 0463 ,19.86870284996168
TU 0757 ,19.512880273492215
TU 0894 ,19.630027831723023
TU 0813 ,21.397344560793776
TU 0399 ,21.53969092554202
TU 0709 ,19.659982456727604
TU 0814 ,21.909638611578444
TU 0713 ,19.84949879218955
TU 0217 ,20.114119356389494
TU 0208 ,18.638750815490763
TU 0788 ,21.236884969091353
TU 0472 ,21.28145904731714
TU 0789 ,21.093284787433877
TU 0790 ,20.196113576248933
TU 0701 ,20.067565521403527
TU 0607 ,19.59003628801024
TU 0723 ,20.842980034136144
TU 0563 ,20.345585753346334
UG 0010 ,19.949983566935746
TU 0514 ,21.08270716202633
TU 0752 ,20.383320435350058
TU 0717 ,20.854634880902758
TU 0757 ,19.27048989532563
TU 0789 ,20.30229288692542
TU 0628 ,19.878136408792837
TU 0399 ,20.59722324220384
TU 0629 ,20.295331598114544
TU 0814 ,22.395436164092583
TU 0217 ,20.19385837083442
TU 0397 ,21.610748155006323
TU 0714 ,20.64814753436234
TU 0606 ,20.328572889069836
TU 0751 ,20.780257009779472
TU 0718 ,19.976113430872623
TU 0717 ,21.81327515631533
TU 0526 ,19.799604269592034
TU 6496 ,19.852947330743945
TU 0527 ,19.840776189601954
TU 0713 ,21.026382013414768
TU 0913 ,20.512055778288335
TU 0399 ,20.46142379070307
TU 0668 ,19.22344056820343
TU 0374 ,21.823138787959827
TU 0480 ,19.009962469391972
TU 0711 ,20.061070758351715
TU 0745 ,20.279642525116696
TU 0473 ,20.815518702065884
TU 0712 ,19.53515268227044
TU 0543 ,19.706689398877828
TU 0965 ,19.48552575296952
TU 0880 ,20.173326769222314
TU 0719 ,19.67470093496462
TU 0722 ,19.76687973684233
TU 0628 ,19.992929987914124
TU 0515 ,20.45092702634475
TU 0725 ,19.44173678854513
TU 0712 ,20.474396193770342
TU 0374 ,20.139505187854827
TU 0282 ,20.259732306467047
TU 0723 ,19.941036796881246
TU 0724 ,20.031160640975838
TU 0217 ,19.67941568045841
TU 0203 ,21.543252571484864
TU 0734 ,18.913819273249075
TU 0744 ,21.147392746818625
TU 6595 ,18.993508374189968
TU 0790 ,19.709090703098855
TU 0634 ,18.355744973677087
TU 0440 ,19.742064049810093
TU 0589 ,20.328672183937275
TU 0635 ,19.326128136033688
TU 0724 ,19.63230549088675
TU 0913 ,20.96567938028016
TU 0790 ,19.92056179904204
TU 0716 ,19.378978714638084
TU 0750 ,20.537621517667375
TU 0788 ,20.418241410365255
TU 0215 ,19.73928165852595
TU 0903 ,20.871481208775617
TU 0841 ,24.576820481789106
TU 0841 ,19.87118306739429
TU 0642 ,20.53217086037785
TU 0613 ,21.11635405452232
TU 0713 ,21.553568050862292
TU 0397 ,21.425955187610352
TU 0750 ,20.133806056256294
TU 0607 ,19.59003628801024
TU 0913 ,20.076376496014458
TU 0996 ,20.277165522250986
TU 0283 ,19.924416584019305
TU 0751 ,20.712939849563654
TU 0339 ,19.553129889734535
TU 0717 ,19.658235751316735
TU 0734 ,20.632338662942125
TU 0719 ,20.02232704563145
TU 0216 ,20.417899017215994
TU 0723 ,19.96897519538612
TU 0563 ,20.94902142795852
TU 0217 ,20.006630359847215
TU 0714 ,21.039754153348017
TU 0606 ,20.18559390782869
TU 0725 ,19.62028458905948
TU 0756 ,20.412010093854466
TU 0607 ,19.462202337880793
TU 0745 ,19.891059271566768
TU 0757 ,19.800374846396053
TU 0789 ,19.84257496087523
TU 0700 ,21.04266275110345
TU 0850 ,19.880567963843124
TU 0719 ,19.43925664662486
TU 0791 ,20.39755229438452
TU 0706 ,21.307012471592532
TU 0724 ,19.76716232969091
TU 0788 ,21.108069801852256
TU 0718 ,19.76716232969091
TU 0374 ,21.010520834706064
TU 0282 ,19.917279879927243
TU 0722 ,20.729099234383106
TU 0216 ,21.040416281283974
TU 0903 ,19.549458796483908
TU 0681 ,20.170177398786713
TU 0399 ,20.08636251678221
TU 0473 ,20.485001126843887
TU 0643 ,21.84847706580977
TU 0374 ,22.066130214954928
TU 0700 ,19.907265397984517
TU 0589 ,19.98930120479226
TU 0246 ,20.600945199156644
TU 0903 ,19.712739316033034
TU 0752 ,20.337444060399374
TU 0931 ,20.640251720266743
TU 0515 ,19.14356291672616
TU 0215 ,19.83569573111153
TU 0745 ,19.60602344864417
TU 0526 ,20.26278664431224
TU 0708 ,20.918733514706283
TU 0813 ,20.61988193112674
TU 0318 ,20.435432300879764
TU 0709 ,20.888834062310913
TU 0216 ,20.445003730865206
TU 0930 ,19.774033585738987
TU 0725 ,19.67470093496462
TU 0756 ,20.181829396834875
TU 0931 ,19.554996666959358
TU 0723 ,19.762317444479294
TU 0217 ,19.946197732095204
TU 0744 ,21.0621457954524
TU 0606 ,20.133202995425684
TU 0251 ,20.123458635912165
TU 0791 ,19.894558018035852
TU 0374 ,20.095088958094163
TU 0708 ,20.157063408457823
TU 0441 ,18.592178974040998
TU 0202 ,20.694658292186922
TU 9068 ,20.412541153616694
TU 0725 ,19.89805120854838
TU 0717 ,19.678527668380074
TU 0734 ,21.093435278071016
TU 0251 ,18.783096941002672
TU 0216 ,21.05712091730392
TU 0209 ,19.965685909825087
TU 0913 ,20.703656013464546
TU 0217 ,21.48575152663966
TU 0397 ,22.365098738510223
TU 0711 ,20.1663139724697
TU 0996 ,19.652820485483222
TU 0437 ,20.182241462710454
TU 0473 ,19.6457865403764
TU 0717 ,21.373764385384526
TU 0789 ,19.868801895717276
TU 0856 ,20.637577701722645
TU 0514 ,19.42994807827352
TU 0628 ,20.20223949256415
TU 0744 ,20.136399266250546
TU 0701 ,20.74836134283667
TU 0745 ,19.40336222434591
TU 0894 ,18.632223274678577
TU 0723 ,20.107096914666943
TU 0724 ,19.95499113040181
TU 0913 ,20.892063382246246
TU 0930 ,20.813849753512372
TU 0473 ,19.499909600795686
TU 0718 ,22.384320018752923
TU 0789 ,19.83569573111153
TU 0790 ,19.626858318088384
TU 0856 ,20.121004078543354
TU 0514 ,20.300784521389005
TU 0719 ,23.466722054925913
TU 0441 ,18.592178974040998
TU 0713 ,20.762714788447028
TU 0913 ,20.569650356357542
TU 0996 ,19.899999137307187
TU 0750 ,20.218375962374793
TU 0515 ,19.778973789538565
TU 0789 ,21.328714286708887
TU 0708 ,20.001272271852507
TU 0542 ,20.459249505822747
TU 0903 ,19.99974162705922
TU 0756 ,20.583846754456175
TU 0226 ,20.20420554760257
TU 0757 ,19.288000224240296
TU 0643 ,21.97295830603015
TU 0724 ,20.161796686635224
TU 0723 ,20.921223503151538
TU 0745 ,21.00523736977519
TU 6496 ,19.93087443759051
TU 0709 ,19.397635331788962
TU 0999 ,20.85999613116228
TU 6497 ,19.50582549010197
TU 0724 ,19.86516476975192
TU 0714 ,23.045410189035746
TU 0214 ,20.64456703128311
TU 0716 ,21.090442854285513
TU 0750 ,21.173841323010944
TU 0463 ,19.86870284996168
TU 0635 ,19.692204300722572
TU 0374 ,21.597409210856963
TU 0711 ,20.25533489353618
TU 0716 ,22.72296994634826
TU 0788 ,20.467041708631886
TU 0634 ,19.558087817862713
TU 0893 ,20.215225380782524
TU 0745 ,19.392384153216167
TU 0718 ,21.138643030457665
TU 0757 ,20.910554594224482
TU 0282 ,20.207372867107935
TU 0928 ,20.277165522250986
TU 6018 ,20.35413735183323
TU 0996 ,19.83711970120755
TU 0750 ,21.053162520551677
TU 0788 ,21.298167456837735
TU 0374 ,22.14681055446358
TU 0790 ,20.19048960384636
TU 0634 ,19.558087817862713
TU 0440 ,19.165082194535117
TU 0705 ,20.9631097386238
TU 0589 ,19.69344802116209
TU 0723 ,19.62028458905948
TU 0750 ,20.215433636786944
TU 0717 ,22.531198092419437
TU 0930 ,19.864120486797102
TU 0752 ,20.6573524087741
TU 0701 ,19.821030130173952
TU 0757 ,20.34592751487379
TU 0791 ,21.133947999093948
UG 0010 ,19.535888550754777
UG 0010 ,20.190014534290775
TU 6498 ,19.855251787361535
TU 0996 ,20.10347977574855
TU 6499 ,19.789527156351014
TU 0721 ,20.66696297022004
TU 0790 ,20.444968107552896
TU 0744 ,20.7443444532484
TU 0788 ,21.13105573640785
TU 0712 ,20.474396193770342
TU 0757 ,19.464221113870835
TU 0708 ,20.3776256905897
TU 0251 ,19.421436179803695
TU 0711 ,20.205927408770165
TU 0930 ,20.45463883349731
TU 0282 ,20.146211171230263
TU 0788 ,20.338879409372858
TU 0745 ,19.872668027455816
TU 0757 ,20.4137476577404
TU 0880 ,21.404809353096688
TU 0217 ,19.70756491070949
UG 0030 ,19.536442644464948
UG 0031 ,19.503225075079037
TU 0462 ,20.04901976368994
TU 0711 ,21.26013835227993
TU 0996 ,19.918817439456703
TU 0752 ,20.83612664404659
TU 0463 ,19.895072675653456
TU 0931 ,19.61128032344676
TU 0718 ,19.4544743847039
TU 0250 ,19.823780819058427
TU 0719 ,19.67470093496462
TU 0283 ,20.676836801270312
TU 0929 ,19.666320888700923
TU 0735 ,18.86327984556549
TU 0745 ,20.388394785817976
TU 0718 ,22.384320018752923
TU 0753 ,20.126314529948637
TU 0717 ,19.48403675785049
TU 0339 ,19.7136433726226
TU 0790 ,20.24146716504081
TU 0611 ,19.696835045173476
TU 0668 ,19.712614778119054
TU 0701 ,19.596584941475285
TU 0721 ,19.678527668380074
TU 0847 ,21.02331968047328
TU 0711 ,20.74419661373543
TU 0790 ,20.181123650314674
TU 0514 ,20.783334443436605
TU 0716 ,19.94232845002901
TU 0725 ,20.218724530911814
TU 0788 ,19.605213696670063
TU 0997 ,19.74167343557701
TU 0757 ,19.811330819184455
TU 0542 ,20.773199176873327
TU 0880 ,20.60254157265123
TU 0813 ,20.168970886772946
TU 0251 ,18.939750115284937
TU 0318 ,20.575795660737544
TU 0629 ,19.858444151096485
TU 0714 ,21.039754153348017
TU 0711 ,19.9908828128588
TU 0930 ,21.109412117628978
TU 0701 ,20.521102379985862
TU 0753 ,19.492633703994358
TU 0718 ,19.8490932317664
TU 0375 ,20.87559477638055
TU 0724 ,20.52437215178613
TU 0745 ,19.48619822634038
TU 0202 ,20.82132803271408
TU 0722 ,21.458452273706808
TU 0723 ,20.891168238874506
TU 0250 ,19.30015421334403
TU 0700 ,19.681908198156457
TU 0734 ,19.45729420047536
TU 0724 ,20.71986403258932
TU 0397 ,20.36482191883885
TU 0606 ,20.291313508839426
TU 0752 ,21.294743709211247
TU 0682 ,18.396681301826963
TU 0931 ,19.798595183193
TU 0473 ,20.93231315402781
TU 0848 ,21.60825218089997
TU 0527 ,19.640108089262913
TU 0374 ,21.597409210856963
TU 0721 ,20.547150677745826
TU 0713 ,20.116032578136505
TU 0913 ,20.62083074350734
TU 0745 ,19.453866171961966
TU 0374 ,21.061772414739824
TU 2602 ,19.554175625886117
TU 0634 ,19.65265266480424
TU 0722 ,19.86516476975192
TU 0724 ,20.63958907758654
TU 0753 ,20.301952104591063
TU 0717 ,20.58024451504894
TU 0683 ,19.535208536137294
TU 0610 ,20.219090411848217
TU 0701 ,19.474887170492323
TU 0713 ,20.549922073455164
TU 0790 ,19.762157684969974
TU 0716 ,22.892295941266838
TU 0996 ,21.041361537745907
TU 0752 ,20.580180607678813
TU 0931 ,19.251748119060206
TU 0751 ,19.209772927114372
TU 0526 ,20.72905668857124
TU 0606 ,20.189637873277917
TU 0744 ,20.800786893322073
TU 0700 ,20.130367888553486
TU 0996 ,20.75706275462541
TU 0751 ,19.38386446429163
TU 0717 ,19.41678617214565
TU 0216 ,20.147990485284584
TU 0903 ,20.23035861335363
TU 0721 ,19.721392135431124
TU 0791 ,21.19257881333342
TU 6007 ,20.788834446635793
TU 0514 ,20.276158058699785
TU 0716 ,19.79044085101688
TU 0717 ,19.762317444479294
TU 0718 ,20.17514229390995
TU 0720 ,20.02428423343451
TU 0542 ,20.53855474316197
TU 0721 ,19.681624665701857
TU 0527 ,18.76648860159378
TU 6009 ,21.52428819864874
TU 0813 ,21.052852780412422
TU 0790 ,20.15585966496736
TU 0716 ,20.206267419238102
TU 0282 ,20.652964115961012
TU 0215 ,21.707829210444157
TU 0635 ,19.865690869833273
TU 0339 ,20.65497862679129
TU 0718 ,20.729099234383106
TU 0669 ,20.245624557515985
TU 0515 ,20.81099620384279
TU 0713 ,20.36529690174768
TU 0913 ,20.882119964006748
TU 0397 ,22.82405934465294
TU 0542 ,20.333938956883276
TU 0931 ,19.257721257119382
TU 0283 ,20.03378701384041
TU 0473 ,19.305248405165504
TU 0543 ,19.95842029600933
TU 0790 ,20.640654140964635
TU 0375 ,19.717931859676998
TU 0613 ,20.236527684697133
TU 0540 ,20.270998056701586
TU 0744 ,20.389644959119227
TU 0930 ,19.899999137307187
TU 0541 ,19.750887866812736
TU 0215 ,20.02368877838568
TU 0745 ,20.15755819903508
TU 0718 ,20.03179194471651
TU 0789 ,20.069207710453057
TU 0720 ,20.028754540963085
TU 0851 ,20.354621562443608
TU 0216 ,20.25288749060674
TU 0723 ,19.41678617214565
TU 0208 ,19.810538256323014
TU 0472 ,20.883494939532575
TU 0750 ,20.742462940045407
TU 0209 ,19.709863744389033
TU 0717 ,19.816200467510033
TU 0852 ,20.337444060399374
TU 0720 ,20.67696543879505
TU 0719 ,21.083450337390136
TU 0724 ,19.63230549088675
TU 0634 ,19.018819205619305
TU 0996 ,19.6713847812569
TU 0752 ,20.090028593199488
TU 0338 ,20.72375832879654
TU 0712 ,20.158539096303866
TU 0902 ,19.6713847812569
TU 0813 ,20.999666962891844
TU 0629 ,20.226147737163743
TU 0723 ,19.678527668380074
UG 0011 ,19.504057703140653
TU 0642 ,21.179945795974344
TU 0700 ,20.236493574376667
TU 0996 ,20.680429214983874
TU 0753 ,20.525666801016104
TU 0717 ,21.403757535660738
TU 0814 ,20.409268762357783
TU 0722 ,19.941962786971548
TU 0724 ,19.77590278179539
TU 0997 ,19.821265816863352
TU 0440 ,20.032418427820996
TU 0526 ,20.17757683128613
UG 0008 ,20.42608423446538
UG 0009 ,20.764102163645997
UG 0011 ,19.937349315211094
TU 0282 ,18.485089074953816
TU 0996 ,20.739653870743076
TU 0997 ,20.46621806515321
TU 0718 ,20.980836098071105
TU 0856 ,21.072366962951868
TU 0722 ,20.17514229390995
TU 0480 ,20.080275737934883
TU 0589 ,19.571645453492394
TU 0723 ,19.759666235862348
TU 0543 ,20.668600055112364
TU 0789 ,20.535219724111542
TU 0791 ,20.00169531675192
TU 0719 ,20.192910585251784
TU 0903 ,19.618485887967385
TU 0721 ,21.38871033227774
TU 0635 ,18.911010715782258
TU 0723 ,19.44173678854513
TU 0681 ,19.421436179803695
TU 0485 ,19.63191070628926
TU 6017 ,20.33640324548094
TU 0847 ,20.380013785996326
TU 0996 ,20.242076602278374
TU 0472 ,20.54641193736128
TU 0718 ,21.116245724480333
TU 0757 ,19.769770904150956
TU 0848 ,19.35843784675534
TU 0374 ,19.929034208336173
TU 0902 ,19.94751167930974
TU 0514 ,20.752245551566116
TU 0705 ,20.187195508273156
TU 0246 ,20.402713002700594
TU 0713 ,21.840576641791607
TU 0723 ,20.806897673784906
TU 0753 ,19.454355480389204
TU 0757 ,19.524967618855584
TU 0526 ,20.174759432978846
TU 0722 ,20.253276185770456
TU 0527 ,19.52260520155769
TU 0713 ,21.45639677526101
TU 0716 ,20.054146839988064
TU 0226 ,20.276132028078006
TU 0788 ,19.46811863231348
TU 0931 ,20.73737277384893
TU 6006 ,21.61483889202322
TU 0472 ,21.0848899635071
TU 0719 ,21.015013390732992
TU 0709 ,19.989362830953688
TU 0813 ,20.952874937973778
TU 0930 ,20.860098937955303
TU 0931 ,20.864369750783908
TU 0745 ,19.610130811513496
TU 0374 ,21.10462902892935
TU 0610 ,20.21703409762733
TU 0719 ,19.62028458905948
TU 0440 ,20.103767388585226
TU 0847 ,20.80368349890692
TU 0752 ,20.733535409712204
TU 0931 ,19.588159320783255
TU 0718 ,19.91326945507417
TU 0848 ,20.489689405192816
TU 0850 ,21.01883364908601
TU 0851 ,20.68564031850123
TU 0629 ,19.471404144315613
TU 0788 ,21.05712091730392
TU 0997 ,20.696354665565238
TU 0708 ,20.55078458587648
TU 0400 ,20.744873612558923
TU 6013 ,20.76245058561163
TU 0375 ,19.5395159206116
TU 0635 ,19.263579503509323
TU 0723 ,19.747457723443024
TU 0847 ,20.703174433749282
TU 0725 ,19.67470093496462
TU 6016 ,20.05613881193065
TU 0282 ,20.72815618423327
TU 0705 ,19.99720355605926
TU 0246 ,20.17858274946247
TU 0721 ,20.00474945871154
TU 0635 ,19.33993346292486
TU 0706 ,19.444058549407263
TU 0724 ,20.988860258800784
TU 0723 ,20.74800141967402
TU 0714 ,20.34807979279249
TU 0397 ,20.435825873151288
TU 0750 ,20.242052384848538
TU 0725 ,20.860453598406043
TU 0997 ,21.06256364082067
TU 0606 ,20.877810119657266
TU 0628 ,20.21019006454831
TU 0813 ,20.34804314904064
TU 0648 ,19.12371011754984
TU 1759 ,20.53011263789415
TU 0881 ,21.668166444210932
TU 0629 ,20.335559711180178
TU 0913 ,21.25943612413264
TU 0711 ,20.958820154644144
TU 0643 ,20.651844119372182
TU 0374 ,20.984195607070898
TU 0613 ,20.625790672713787
TU 0722 ,20.998836600187055
TU 0903 ,18.99585408807032
TU 0712 ,21.443326818218598
TU 0718 ,19.4544743847039
TU 0542 ,19.74935357548009
TU 0217 ,21.328714286708887
TU 0745 ,19.658268137916163
TU 0718 ,20.28617465612977
TU 0856 ,20.165772637114188
TU 0857 ,19.43583901526804
TU 0724 ,20.17514229390995
TU 0716 ,20.253276185770456
TU 0374 ,20.422983439574526
TU 0851 ,20.780257009779472
TU 0813 ,21.25005968464127
TU 0216 ,20.10864499806465
TU 0723 ,19.492753497579873
TU 0203 ,21.72532194445211
TU 0401 ,20.157227636877945
TU 6018 ,20.260736415351246
TU 6016 ,22.99384919007868
TU 0642 ,21.52914073976789
TU 0996 ,19.673768542885465
TU 0756 ,19.737365986750085
TU 0695 ,18.885844580228337
TU 6595 ,19.967835470602314
TU 0745 ,19.644085370630254
TU 0209 ,20.221213838360985
TU 0789 ,19.940314602734446
TU 0852 ,19.46807790604659
TU 0719 ,21.825412987731074
TU 0723 ,19.76230731864391
TU 0724 ,21.157806950533814
TU 0397 ,22.002475826977324
TU 0515 ,20.999295185437372
TU 0813 ,20.999666962891844
TU 0543 ,20.491738719819576
TU 0714 ,20.132994124858957
TU 0399 ,20.65099742337798
TU 0613 ,20.625790672713787
TU 0913 ,20.33628800760032
TU 0397 ,21.71363772881236
TU 0714 ,21.039754153348017
TU 0711 ,20.21332644340401
TU 0606 ,20.349053345573633
TU 0712 ,20.891410489764116
TU 0374 ,21.068739027816335
TU 0713 ,21.016369132865915
UG 0011 ,19.794262069439657
TU 0716 ,20.201647734533566
TU 0750 ,20.215621775616174
TU 0283 ,20.014786782481803
TU 0751 ,19.209772927114372
TU 9097 ,20.355248375332202
TU 0841 ,21.040689633394482
TU 0208 ,20.698282457983463
TU 0375 ,21.179648137778454
TU 0735 ,18.911010715782258
TU 0724 ,20.28617465612977
TU 0913 ,20.612587867110236
TU 0542 ,20.395610864547475
TU 0441 ,18.48846213942365
TU 0712 ,21.425856431763744
TU 3374 ,19.974932378512182
TU 0217 ,21.371646530320277
TU 0700 ,20.30291944825896
TU 0788 ,21.087235145339918
TU 0997 ,19.6795679920075
TU 0250 ,19.244365440014214
TU 0790 ,20.30710128711934
TU 0282 ,20.95019816410065
TU 0813 ,21.006586771623496
TU 0375 ,19.474887170492323
TU 0216 ,20.14676180478356
TU 0283 ,21.170695243773995
TU 6015 ,20.229102895087518
TU 0711 ,20.85522617105685
TU 0208 ,20.698282457983463
TU 0725 ,19.80646871380322
TU 0472 ,20.361500611208964
TU 0718 ,22.72296994634826
TU 0717 ,20.66696297022004
TU 0790 ,20.155271721252248
TU 0701 ,19.7136433726226
TU 0635 ,19.469477068729933
TU 0607 ,19.815029782436945
TU 0725 ,20.186463548313004
TU 0750 ,20.959137973765788
TU 0539 ,19.105983430643583
TU 0250 ,19.656541640027264
TU 0881 ,20.987273694324223
TU 0713 ,19.872633357906125
TU 0813 ,20.406921619132614
TU 0700 ,20.092251081834576
TU 0931 ,19.372778956098664
TU 0635 ,19.722265161284184
TU 0227 ,20.070714791051095
TU 0607 ,20.232914677337643
TU 0473 ,19.99395293297926
TU 0441 ,19.598284996655423
UG 1300 ,18.90979811376087
TU 0217 ,19.70756491070949
TU 0613 ,20.236527684697133
TU 0790 ,19.825054286533728
TU 0750 ,20.215621775616174
TU 0250 ,18.15383608809225
TU 0700 ,20.789838056131483
TU 0610 ,20.125492326785725
TU 0902 ,20.034434309061634
TU 0719 ,19.658235751316735
TU 0722 ,21.31644746695216
TU 0701 ,20.775592005959957
TU 0903 ,20.491551659882656
TU 0563 ,20.94902142795852
TU 0723 ,20.8055187547614
TU 0606 ,20.941775047285574
TU 0542 ,20.983543045567544
TU 0472 ,20.860865923812597
TU 0725 ,20.114451934865034
TU 0202 ,21.257887463668588
TU 0283 ,20.062493677278553
TU 0607 ,20.99824567539232
TU 0543 ,20.491738719819576
TU 0757 ,19.524967618855584
TU 0527 ,19.876820963295927
TU 0722 ,19.91326945507417
TU 0851 ,20.932368453369627
TU 0724 ,20.023424509520208
TU 0996 ,19.293618810535826
TU 0750 ,20.035737276204898
TU 0931 ,19.899194723299058
TU 0751 ,19.98504341538968
TU 0718 ,20.28617465612977
TU 0602 ,20.814999561508714
TU 0709 ,19.659982456727604
TU 0283 ,20.88797745430651
TU 0895 ,19.42387533936881
TU 0217 ,21.025665856879417
TU 0203 ,22.141528765195275
TU 0930 ,19.878517607192727
TU 0788 ,20.945089762942445
TU 0997 ,20.866362133680365
TU 0752 ,20.088643735731893
TU 0339 ,21.44061733087272
TU 0734 ,19.570438527010012
TU 0720 ,20.322211078842628
TU 0856 ,20.280134282825518
TU 0440 ,20.032418427820996
TU 0701 ,21.472130883949227
TU 0903 ,21.581350031589306
TU 0441 ,19.212359070892308
TU 0397 ,23.331401977324678
TU 0514 ,20.61990203379281
TU 0756 ,20.355932544723363
TU 0437 ,19.121762356911923
TU 0215 ,20.027942994449152
TU 0701 ,20.80863681699574
TU 0635 ,19.850482871639468
TU 0339 ,21.179648137778454
TU 0880 ,21.230457691827723
TU 0902 ,20.510753832816416
TU 0881 ,21.61428636687771
TU 0607 ,21.741330267697226
TU 0744 ,20.169044308479158
TU 0996 ,19.83711970120755
TU 0635 ,19.38780852520371
TU 0745 ,19.59853008117665
TU 0790 ,20.73049686918613
TU 0712 ,20.727915779244498
TU 0374 ,21.010520834706064
TU 6496 ,19.931100993762968
TU 0722 ,20.015948893952274
TU 6009 ,20.41489069898475
TU 0714 ,20.64814753436234
TU 0813 ,20.90761687046376
TU 0744 ,20.687159664723268
TU 0790 ,19.650948479510756
TU 0750 ,20.797322728086836
TU 0338 ,20.510272133721045
TU 0997 ,19.456639162397472
TU 0635 ,19.38780852520371
TU 0712 ,20.727915779244498
TU 0717 ,21.81327515631533
TU 0789 ,19.911672336353565
TU 0719 ,20.860810883598887
TU 0208 ,19.992180647160414
TU 0716 ,20.36652271769559
TU 0847 ,20.633523458603094
TU 0997 ,19.74167343557701
TU 0789 ,20.898952356877135
TU 0721 ,20.70555656295996
TU 0711 ,20.21332644340401
TU 0893 ,19.64698903998615
TU 0751 ,20.805819809114805
TU 0251 ,19.47278644018607
TU 0375 ,20.413246310733715
TU 0722 ,20.042314335780414
TU 0694 ,19.321380615036237
TU 0788 ,20.25288749060674
TU 0997 ,19.60511688673915
TU 0473 ,19.84225805742427
TU 0717 ,19.48403675785049
TU 0790 ,20.199256564797103
TU 0998 ,19.673768542885465
TU 0397 ,21.082085289912555
TU 0669 ,20.975431223281927
TU 0744 ,20.387640227404766
TU 0514 ,20.84866719067068
TU 0463 ,19.801143039105003
TU 1759 ,21.02965215468398
TU 0745 ,19.8677281147444
TU 0436 ,20.448422444462043
TU 0902 ,20.35777250233766
TU 0283 ,20.05386277954817
TU 0814 ,20.135374203087625
TU 0607 ,20.361771812997066
TU 0399 ,24.32489728172345
TU 0788 ,20.344713855459055
TU 0997 ,21.06256364082067
TU 0712 ,20.178545571451192
TU 0718 ,20.984570751002128
TU 0397 ,20.55227483018957
TU 0397 ,20.08636251678221
TU 0930 ,21.129200775214684
TU 0996 ,20.35777250233766
TU 0725 ,20.67165987279372
TU 6499 ,19.85766375864858
TU 0720 ,20.693320607728552
TU 0543 ,19.959766955765264
TU 0996 ,19.60149899620792
TU 0708 ,20.34543887923614
TU 0734 ,19.274456479678904
TU 0716 ,19.920708391061527
TU 0282 ,19.94902266312589
TU 0996 ,20.017700645357248
TU 0725 ,19.483288698667323
TU 0931 ,20.06944478429935
TU 0712 ,21.9482778966035
TU 0714 ,21.201024713796897
TU 0399 ,21.18393509682036
TU 0752 ,20.769354219139355
TU 0338 ,21.597409210856963
TU 0718 ,21.079863375070495
TU 0250 ,19.656541640027264
TU 0928 ,20.102375203530197
TU 0603 ,21.240756556358637
TU 0203 ,21.747302686581296
TU 0714 ,20.902858008038628
TU 0756 ,20.401975812848278
UG 1300 ,20.03080528599562
TU 0931 ,19.239862194950177
TU 0753 ,19.485140336526843
TU 0683 ,20.084577414335158
TU 0700 ,20.137541361767124
TU 0611 ,20.03653802743936
TU 0719 ,19.372356502467813
TU 0634 ,19.336835257778073
TU 0538 ,19.193100463464656
TU 0744 ,20.211245487709526
TU 0750 ,20.017520788128525
TU 0338 ,20.223920505778327
TU 0931 ,21.449299276471898
TU 0635 ,18.911010715782258
TU 0791 ,21.056359871983222
TU 0527 ,19.612019152717874
TU 0713 ,21.036625194383202
TU 0700 ,20.236493574376667
TU 0930 ,19.864120486797102
TU 0712 ,20.261331643883054
TU 0789 ,20.114119356389494
TU 0375 ,20.84716470796366
TU 0903 ,19.813956643984316
TU 0930 ,19.83711970120755
TU 0931 ,19.271648408335864
TU 0527 ,20.37246507921851
TU 0217 ,21.226292000004698
TU 0725 ,19.79298193949527
TU 0695 ,19.039526605254824
TU 0751 ,19.38350709562527
TU 0734 ,19.405611919159345
TU 0397 ,21.25249073377027
TU 0701 ,21.744393930404172
TU 0209 ,19.709863744389033
TU 0397 ,21.71363772881236
TU 0606 ,20.305569340744203
TU 0930 ,20.98310514415887
TU 0555 ,19.48899032388661
TU 0712 ,21.307012471592532
TU 0753 ,19.645916043606984
TU 0634 ,19.336835257778073
TU 0930 ,20.083585043055766
TU 0718 ,19.8490932317664
TU 0720 ,19.842924866802296
TU 0721 ,19.816200467510033
TU 0895 ,19.822796397733867
TU 0208 ,19.788217058322537
TU 0745 ,20.345231801214904
TU 0718 ,21.2460813745125
TU 0643 ,21.84847706580977
TU 0998 ,19.702607933739763
TU 0903 ,19.246740973230565
TU 0515 ,21.210350504046897
TU 0214 ,20.886462999327286
TU 0996 ,20.860098937955303
TU 0725 ,19.79298193949527
TU 0635 ,19.590051595552026
TU 0751 ,20.326317544131182
TU 0539 ,19.365543677909155
TU 0526 ,21.25645733185515
TU 0880 ,20.304955177678938
TU 0628 ,20.573296803662156
TU 0399 ,21.067221427507025
TU 0700 ,20.137541361767124
TU 0996 ,20.87225451364475
TU 0997 ,20.46621806515321
TU 0635 ,19.49871726748306
TU 0701 ,19.987008718240148
TU 0602 ,20.23013838895306
TU 0903 ,19.401811600714687
TU 0847 ,21.212530106389035
TU 0744 ,20.54613663323404
TU 0725 ,19.852714110249554
TU 0515 ,19.982568207026542
TU 0527 ,19.392384153216167
TU 0790 ,20.488183235492357
TU 0997 ,19.79328990639898
TU 0791 ,21.756856645241687
TU 0841 ,21.040689633394482
TU 0208 ,20.073757007527526
TU 0722 ,20.025673125659527
TU 6830 ,19.74752624843804
TU 0745 ,19.894213767742784
TU 0705 ,20.711610920175094
TU 0913 ,20.882119964006748
TU 0214 ,20.417899017215994
TU 0711 ,20.85522617105685
TU 0399 ,21.131786362401098
TU 0752 ,20.83612664404659
TU 0515 ,19.998449317517235
TU 0634 ,18.913819273249075
TU 0750 ,20.768560480511773
TU 0997 ,20.696354665565238
TU 0789 ,19.759057399677584
TU 0790 ,20.707451424670957
TU 0669 ,19.861497425750002
TU 0462 ,19.32607413370114
TU 0514 ,20.279929003252743
TU 0996 ,19.60149899620792
TU 0756 ,20.355932544723363
TU 0931 ,19.271648408335864
TU 0997 ,19.865366202303832
TU 0374 ,20.139505187854827
TU 0251 ,18.558851987135853
TU 5517 ,20.177757452808592
TU 0399 ,22.1547697851856
TU 0642 ,20.53217086037785
TU 0930 ,20.26592840800701
TU 0996 ,21.041361537745907
TU 0712 ,20.295057547390627
TU 0613 ,21.36773641135737
TU 0719 ,19.803989480168877
TU 6006 ,22.03188286016221
TU 6006 ,19.968516608145254
TU 0752 ,21.513176125296617
TU 0708 ,21.009452041643545
TU 0714 ,21.251952766776693
TU 0463 ,19.69119850528823
TU 0215 ,19.67941568045841
TU 0814 ,20.078259311613422
TU 0789 ,21.328714286708887
TU 0217 ,20.048327990082512
TU 0282 ,20.52043618975233
TU 0472 ,21.17320945480576
TU 0283 ,20.676836801270312
TU 0964 ,19.70517986404895
TU 0527 ,20.943263602571864
TU 9002 ,19.837477963418582
TU 0965 ,20.363421051606863
TU 0540 ,19.652585010659177
TU 0462 ,19.8449156589625
TU 0214 ,20.406661432469846
TU 0893 ,19.851360931403605
TU 0215 ,19.70843764945065
TU 0751 ,19.676239326397624
TU 0480 ,18.032587581522492
TU 0847 ,20.680423269550957
TU 0208 ,20.131253474652052
TU 0744 ,21.257319408010527
TU 0441 ,20.464774872650104
TU 0751 ,19.629688532048096
TU 0719 ,20.741166455361828
TU 0790 ,20.294175516112233
TU 0607 ,21.342408029255985
TU 0716 ,21.2460813745125
TU 0734 ,19.643713947556783
TU 0375 ,20.899781290649468
TU 0725 ,19.648698982426346
TU 0996 ,20.510753832816416
TU 0752 ,20.433432877502447
TU 0791 ,20.549908101922696
TU 0735 ,18.911010715782258
TU 0542 ,20.329685938191528
TU 0711 ,20.111619199565368
TU 0931 ,19.64110345334557
TU 0753 ,20.4137476577404
TU 6541 ,19.461636275371816
TU 0401 ,20.67652315298289
TU 9063 ,19.598600981640367
TU 0480 ,19.31202643263845
TU 0790 ,20.20202161485613
TU 0813 ,20.306602630227804
TU 0711 ,20.983777011519013
TU 0717 ,21.373764385384526
TU 5515 ,20.754471912049922
TU 0399 ,20.299257864155916
TU 0554 ,19.168396911772142
TU 0526 ,20.395340762721123
TU 0931 ,19.456639162397472
TU 0527 ,19.724624514009182
TU 0473 ,19.499909600795686
TU 0751 ,19.55089396935817
TU 0999 ,19.79328990639898
TU 0717 ,20.192910585251784
TU 0339 ,20.97041475796527
TU 0250 ,19.207617432224065
TU 0724 ,20.17514229390995
TU 0208 ,20.183821376403138
TU 0472 ,21.056844921041446
TU 0441 ,19.19259755021451
TU 0683 ,20.020112935915915
TU 0473 ,19.888602851401505
TU 0694 ,18.727659799475916
TU 0850 ,20.31984278978448
TU 0929 ,19.69996586608219
TU 5511 ,20.427589015833767
TU 0725 ,20.192910585251784
TU 0711 ,20.009472210284674
TU 0931 ,20.204840377986745
TU 0717 ,19.585728270647788
TU 0751 ,21.552905561596717
TU 0788 ,20.631007232834207
TU 0931 ,19.925221403415428
TU 0628 ,20.23141865637861
TU 0613 ,20.899779291520687
TU 0216 ,20.417899017215994
TU 0999 ,20.03580200174602
TU 0744 ,21.315061525163724
TU 0717 ,20.00474945871154
TU 0745 ,20.7289397056154
TU 0734 ,19.747397063326705
TU 0606 ,20.79508263474979
TU 0790 ,20.237239497450233
TU 0339 ,19.922682529284952
TU 0791 ,19.698870801749447
TU 0753 ,19.30269766086315
TU 0708 ,19.846544475023073
TU 0374 ,21.658543283504965
TU 0610 ,19.802054419841877
TU 0709 ,19.952262119299128
TU 0611 ,20.00263120450844
TU 0996 ,20.87225451364475
TU 0756 ,20.252339782949186
TU 0635 ,19.64580291541012
TU 0629 ,19.744705047212417
TU 0848 ,20.497750426753583
TU 0720 ,19.4544743847039
TU 0791 ,21.04434190370056
TU 0735 ,19.634971541605463
TU 0607 ,20.80305912901286
TU 0397 ,22.726187588209974
TU 0914 ,20.16206059554277
TU 0603 ,22.192065188240626
TU 0718 ,19.941962786971548
TU 0215 ,20.30229288692542
TU 0708 ,20.302297085192716
TU 0735 ,19.91956662308065
TU 0480 ,19.009962469391972
TU 0628 ,20.58985651986554
TU 0717 ,23.466722054925913
TU 0209 ,19.63744600025788
TU 0721 ,20.02232704563145
TU 0716 ,21.079863375070495
TU 0744 ,20.331509596873733
TU 0756 ,21.275100870692718
TU 0722 ,19.8490932317664
TU 0375 ,19.580645907625293
TU 0399 ,20.370089854121304
TU 0724 ,19.622019225513775
TU 0642 ,20.744656033758037
TU 0789 ,19.822613211674344
TU 0603 ,20.486794463305518
TU 0790 ,20.385564863112073
TU 0734 ,19.76766025685258
TU 0850 ,19.841999207841976
TU 0930 ,19.497406761515446
TU 0788 ,20.467041708631886
TU 0543 ,20.646248598653564
TU 0440 ,19.952663934612488
TU 0607 ,20.232914677337643
TU 0724 ,19.647690547102922
TU 0716 ,20.028754540963085
TU 0930 ,19.673768542885465
TU 0996 ,20.860098937955303
TU 0463 ,19.801143039105003
TU 0440 ,19.63180241150584
TU 0745 ,19.310979944441485
TU 0700 ,20.0903294178078
TU 0251 ,19.47278644018607
TU 0526 ,21.705097188488068
TU 0750 ,20.038881355746287
TU 0718 ,19.4544743847039
TU 0753 ,20.273470590679977
TU 0515 ,20.21718519048548
TU 0700 ,20.510207843159687
TU 0721 ,19.678527668380074
TU 0497 ,19.76988691259839
TU 0706 ,21.443326818218598
TU 0725 ,19.852714110249554
TU 0700 ,21.063497407615788
TU 0215 ,20.47104773348152
TU 0902 ,19.893618579878442
TU 0790 ,20.336712004249264
TU 0375 ,20.65497862679129
TU 0783 ,20.191371519868827
TU 0725 ,19.551417035802203
TU 0716 ,20.43380333705159
TU 0847 ,20.80368349890692
TU 0441 ,19.558670352927905
TU 0481 ,20.082033748250975
TU 0374 ,20.510272133721045
TU 0721 ,19.330234974251344
TU 0724 ,20.18286958468684
TU 0914 ,21.079301614395998
TU 0930 ,19.702607933739763
TU 0711 ,20.979323583039157
TU 0635 ,19.860606138096962
TU 0515 ,20.51287004335167
TU 0708 ,20.509473450085643
TU 0319 ,22.18322816638247
TU 0713 ,19.912972604931195
TU 0397 ,21.10207508891027
TU 6005 ,20.183673074398147
TU 5774 ,21.47838985325505
TU 0463 ,19.566695220886004
TU 0472 ,20.859030055312925
TU 0717 ,19.372356502467813
TU 0374 ,20.322324562344498
TU 0606 ,20.126217261015448
TU 0441 ,19.73887518653484
TU 0709 ,19.64526267512823
TU 0724 ,20.322211078842628
TU 0713 ,20.827003702315533
TU 0217 ,21.371646530320277
TU 0338 ,21.40722788211674
TU 0752 ,20.301073021668337
TU 0902 ,19.8925179257585
TU 0283 ,20.676836801270312
TU 0734 ,19.34237995660471
TU 0903 ,19.251748119060206
TU 0998 ,21.129200775214684
TU 0611 ,20.603953838197267
TU 0724 ,20.729099234383106
TU 0563 ,20.493591122486364
TU 0714 ,22.15972352619209
TU 0526 ,20.386157030157072
TU 0847 ,20.80266438244309
TU 0542 ,20.203084247662645
TU 0856 ,20.109244476667676
TU 0606 ,20.10344242948936
TU 0851 ,19.330919312622814
TU 0791 ,21.08744871492538
TU 0713 ,20.52431959944853
TU 0526 ,20.34503405799396
TU 0541 ,20.029346006524435
TU 0527 ,19.466163163088716
TU 7036 ,20.69726829510174
TU 0850 ,20.035737276204898
TU 0914 ,20.332490628634567
TU 0682 ,19.101512487302745
TU 0847 ,21.199570607408923
TU 0711 ,20.182047815865854
TU 0683 ,18.577518455126985
TU 0629 ,20.02193179921971
TU 0339 ,20.899781290649468
TU 0703 ,19.725140594112727
TU 0723 ,21.403757535660738
TU 0397 ,22.909124796963695
TU 0789 ,19.68804223052517
TU 0399 ,20.436158957903068
TU 0247 ,20.337905194806083
TU 0319 ,20.507014599192185
TU 0634 ,18.72245512205451
TU 0695 ,20.34230446183941
TU 0997 ,19.588159320783255
TU 0643 ,23.210708558748127
TU 0603 ,19.5196564228158
TU 0613 ,21.1352537508858
TU 0397 ,20.753804328215068
TU 6553 ,18.802523022237654
TU 2716 ,19.011199368379252
TU 0752 ,22.1823664023224
TU 0712 ,21.425856431763744
TU 0902 ,19.6713847812569
TU 0473 ,19.54126391069495
TU 0903 ,19.324057975879708
TU 0857 ,19.464542938936326
TU 0724 ,19.84621643293346
TU 0711 ,20.187195508273156
TU 0215 ,20.07368732962431
TU 0997 ,20.673904366488742
TU 0789 ,20.898952356877135
TU 0998 ,19.899999137307187
TU 0709 ,20.78053118312917
TU 0847 ,20.449237099391343
TU 0282 ,20.2936071029859
TU 0752 ,20.248002512000703
TU 0718 ,21.401153759540275
TU 0881 ,19.807040097898405
TU 0745 ,20.15755819903508
TU 0789 ,21.799509213330182
TU 0720 ,21.372646450801263
TU 0998 ,19.447615439926302
TU 0603 ,20.974661470093416
TU 0745 ,19.84361122634833
TU 0527 ,20.427265582277712
TU 0215 ,20.06479905394126
TU 0712 ,20.474396193770342
TU 0751 ,19.740604253467964
TU 0734 ,19.75168599800541
TU 0318 ,21.528896256550446
TU 0375 ,19.76948103863502
TU 0480 ,18.90797706821062
TU 0634 ,19.717006536186453
TU 0725 ,19.80646871380322
TU 0744 ,20.626434548420125
TU 0208 ,20.311582341293416
TU 0282 ,21.34297149937157
TU 0856 ,20.012456239044624
TU 0705 ,20.25533489353618
TU 0996 ,19.99231781186517
TU 0635 ,19.494836967503282
TU 0789 ,21.371646530320277
TU 0903 ,19.681906068679258
TU 0251 ,19.570721904721086
TU 0399 ,23.682537084778854
TU 0634 ,19.437539846880124
TU 0756 ,20.355932544723363
TU 0717 ,20.559208605881913
TU 0789 ,20.027942994449152
TU 0757 ,19.844034179765337
TU 0635 ,19.19054315699274
TU 6553 ,19.2904998892854
TU 0629 ,19.733750191455577
TU 0723 ,20.64286491468796
TU 0634 ,19.903551974165197
TU 0788 ,20.61097470367677
TU 0669 ,20.10186683409547
TU 6141 ,21.0368558326581
TU 0202 ,21.375649678639366
TU 6499 ,19.943018756712608
TU 0756 ,20.26388356978624
TU 0744 ,21.0621457954524
TU 0283 ,19.73739913658942
TU 0914 ,20.993455272207438
TU 0930 ,20.75706275462541
TU 0514 ,20.413894923290865
TU 0527 ,19.520864389961304
TU 0515 ,20.17113997046305
TU 0719 ,19.81877645276614
TU 4600 ,19.471495161040636
TU 0613 ,19.930077414011528
TU 0526 ,20.584050877729197
TU 0669 ,19.82303860336957
TU 0997 ,19.60511688673915
TU 0215 ,21.294626758397715
TU 0527 ,20.179160121737585
TU 0708 ,20.902960338745437
TU 0251 ,19.8323280900102
TU 0646 ,19.69193450818338
TU 0610 ,20.199949578779492
TU 0998 ,21.04156635018299
TU 0318 ,21.528896256550446
TU 7037 ,19.841804870506756
TU 0208 ,20.20165118906542
TU 0788 ,20.445003730865206
TU 0635 ,19.490393392589585
TU 0997 ,19.666320888700923
TU 6290 ,19.18913038672661
TU 9035 ,20.2510184857981
TU 6592 ,18.38202328762202
TU 0463 ,19.845708776006038
TU 0375 ,20.68031769608119
TU 8630 ,18.45018171778864
TU 0397 ,23.914876554256107
TU 0914 ,19.62450271576171
TU 4013 ,19.485895445304497
TU 0462 ,19.371427294428038
TU 0542 ,19.749569478565128
TU 0700 ,20.784914546773113
TU 0752 ,20.424443407513174
TU 0753 ,19.448553650492308
TU 0701 ,20.71245890412532
TU 0997 ,20.94175267228688
TU 6648 ,19.868000757864316
TU 0374 ,22.14681055446358
TU 0589 ,18.59887870356862
TU 0527 ,19.89890225187148
TU 0635 ,19.92392742775423
TU 0929 ,19.762852477242365
TU 0526 ,20.71223622666298
TU 0635 ,19.646193019689136
TU 0745 ,19.64435040586424
TU 0789 ,20.898952356877135
UG 0008 ,21.413809831049505
TU 0251 ,19.936994157492922
TU 0203 ,21.747302686581296
TU 0752 ,20.493497261389802
TU 0708 ,20.302297085192716
TU 0251 ,19.090777986505127
TU 0851 ,19.38338072215968
TU 0680 ,18.871891526969186
TU 0713 ,20.13607509550016
TU 0930 ,19.893618579878442
TU 0283 ,19.806214431684445
TU 0848 ,19.917075894705157
TU 0719 ,20.559208605881913
TU 0853 ,19.73149704727456
TU 0721 ,19.762317444479294
TU 0607 ,21.20641342921697
TU 0540 ,18.411641849827912
TU 0752 ,20.090028593199488
TU 0756 ,20.903583902326954
TU 0635 ,20.38307395554421
TU 0753 ,20.301952104591063
TU 0718 ,20.025673125659527
TU 0527 ,19.872668027455816
TU 0250 ,19.11599464057542
TU 0318 ,21.36773641135737
TU 0319 ,21.961872184135203
TU 0400 ,22.109049733414118
TU 0682 ,19.321380615036237
TU 0725 ,19.483288698667323
TU 0930 ,19.986269393609618
TU 0481 ,20.345941965376397
TU 0338 ,20.875871421071707
TU 0997 ,19.762852477242365
TU 0606 ,20.189637873277917
TU 7452 ,19.565225771780337
TU 7045 ,20.04448332205581
TU 0462 ,19.72210790270447
TU 0463 ,19.282627708523357
TU 0902 ,21.041361537745907
TU 0441 ,19.844033628180377
TU 0723 ,19.681624665701857
TU 0714 ,21.251952766776693
TU 0930 ,19.6713847812569
TU 0712 ,21.58315178126429
TU 0603 ,20.14833912822785
TU 0397 ,21.25249073377027
TU 0375 ,19.580645907625293
TU 0716 ,21.386430079622443
TU 0720 ,19.91326945507417
TU 0708 ,20.38611426972861
TU 0613 ,21.356015107803984
TU 0441 ,19.698551490726505
TU 0203 ,20.819628219301585
TU 0756 ,20.459800306432907
TU 0757 ,19.293238580838853
TU 0283 ,20.530595570791064
TU 0250 ,19.397888774126717
TU 0610 ,20.29677228943782
TU 0251 ,19.936994157492922
TU 0611 ,19.965263979598383
TU 5523 ,20.572688629846752
TU 0399 ,20.427544460645166
TU 6550 ,18.143301638393332
TU 0756 ,21.22203214917842
TU 0881 ,21.645363593674677
TU 0790 ,20.26629489524955
TU 0999 ,21.06256364082067
TU 0496 ,19.728240765579653
TU 0723 ,21.023521272502297
TU 0716 ,21.386430079622443
TU 0744 ,19.9818964966879
TU 0526 ,20.26278664431224
TU 0202 ,20.61643264674733
TU 0850 ,20.291231898684792
TU 7384 ,19.838246451597513
TU 8302 ,19.972436672812876
TU 0485 ,19.45967682189558
TU 5774 ,23.045410189035746
TU 0814 ,20.501514679645688
TU 6016 ,20.82608911718471
TU 0682 ,19.072764776478067
TU 0788 ,20.61097470367677
TU 0750 ,19.943076301489164
TU 8613 ,19.820961914368823
TU 0209 ,20.017422729226794
TU 6290 ,19.546303795472898
TU 0374 ,20.510272133721045
TU 0928 ,19.787240530572284
TU 0711 ,20.111619199565368
TU 0606 ,23.582070305551856
TU 0713 ,19.872633357906125
TU 9001 ,19.568953734216382
TU 0226 ,21.35289187065216
TU 0790 ,20.177618564998262
TU 0613 ,20.94833311636074
TU 0514 ,20.406076485876714
TU 0708 ,21.933633363033913
TU 0874 ,19.141071033950965
TU 0401 ,20.425505356589646
TU 0875 ,20.4994732627624
TU 0724 ,21.039733624005095
TU 0913 ,20.896092368719316
TU 0931 ,19.666320888700923
TU 0635 ,20.002207691870108
TU 0753 ,19.454355480389204
TU 0712 ,22.62481808306953
TU 0720 ,20.089711223153913
TU 0723 ,20.701294023212583
TU 0847 ,20.80368349890692
TU 0555 ,19.298201062606953
TU 0717 ,20.572722451535046
TU 0720 ,20.30489566368869
TU 0745 ,19.733077830135095
TU 0734 ,19.78007634396526
TU 0722 ,21.334919482235353
TU 0216 ,20.31035948031058
TU 0714 ,21.917178568653416
TU 6552 ,18.457837631713513
TU 0526 ,21.198239138744874
TU 0931 ,19.61128032344676
TU 0875 ,20.007743755370097
TU 0752 ,20.573480342959236
TU 0722 ,20.521230759832115
TU 0603 ,20.66548300486022
TU 0723 ,20.741166455361828
TU 0628 ,20.41215237929387
TU 0282 ,18.78717946329476
TU 4283 ,20.22928839513895
TU 0635 ,18.911010715782258
TU 0790 ,21.353184921847333
TU 0913 ,19.896216311962995
TU 8601 ,21.90079491935496
TU 0214 ,20.835206320673688
TU 0283 ,20.421062416483018
TU 0246 ,20.344874140126798
TU 0930 ,21.067414643482607
TU 0642 ,20.90088646598504
TU 0744 ,21.238347198986762
TU 0602 ,19.911001711910142
TU 0913 ,20.16588029344251
TU 5774 ,21.214898732171765
TU 0930 ,19.99231781186517
TU 0744 ,20.930815755252073
TU 0721 ,19.66266998918031
TU 0724 ,21.030186732304927
TU 0338 ,20.139505187854827
TU 0902 ,19.774033585738987
TU 0208 ,20.16855516089623
TU 0711 ,19.920595107223406
TU 0555 ,20.470796196166578
TU 0745 ,19.58796984013876
TU 0473 ,20.597838753939865
TU 0998 ,19.864120486797102
TU 0247 ,19.569508615772527
TU 0851 ,19.6294033413117
TU 6152 ,18.674384297704748
TU 0497 ,19.66214634943108
TU 0713 ,20.260662457674776
TU 8291 ,20.506631602088206
TU 0716 ,21.116245724480333
TU 0744 ,20.261242146276707
TU 0526 ,20.24911836231822
TU 0215 ,21.226292000004698
TU 0683 ,18.6950525420612
TU 0473 ,19.81966035619381
TU 0734 ,19.5667312258704
TU 0606 ,20.79508263474979
TU 0216 ,21.00068156776958
TU 0721 ,19.955954738620925
TU 4381 ,20.383272097937553
TU 8601 ,19.114482950432716
TU 0634 ,19.45729420047536
TU 0542 ,21.112655063207576
TU 0555 ,19.41414488380461
TU 0635 ,19.70781589434006
TU 0543 ,20.69177618517326
TU 0790 ,20.46289527347679
TU 0721 ,19.89805120854838
TU 0607 ,21.107930972227642
TU 0607 ,20.24085175216758
TU 0790 ,21.244423990407057
TU 0722 ,19.941962786971548
TU 0701 ,21.233722985294463
TU 0791 ,20.574646478678236
TU 0751 ,19.570009386721495
TU 0515 ,21.053105187579746
TU 0713 ,20.172919186299577
TU 0214 ,20.36137473013561
TU 0753 ,19.352897707279798
TU 0695 ,18.482787530636482
TU 0283 ,20.03378701384041
TU 0399 ,21.32097240865005
TU 0209 ,19.759499732332905
TU 0399 ,22.850096831050294
TU 0527 ,19.612019152717874
TU 0753 ,20.49460953050479
TU 0789 ,19.740528934145868
UG 1300 ,19.824217456934868
TU 0542 ,22.314934605050954
TU 0247 ,20.141763570157806
TU 0791 ,20.90229611902298
TU 0397 ,20.229561666872595
TU 0788 ,20.829486941009588
TU 7085 ,22.053108067625722
TU 0669 ,19.681633473290393
TU 0202 ,20.694658292186922
TU 0318 ,21.100794082793268
TU 0647 ,20.511540672052416
TU 0440 ,18.62801841996424
TU 0718 ,20.023424509520208
TU 9013 ,19.174946106072667
TU 0852 ,21.135374753016876
TU 0606 ,20.12578927323537
TU 2018 ,22.435645664644817
TU 0853 ,19.769770904150956
TU 0857 ,20.64215282054808
TU 0716 ,21.030186732304927
TU 0722 ,19.967085577079366
TU 0709 ,19.694702638183216
TU 0680 ,19.438294662972112
TU 0735 ,19.598284996655423
TU 0281 ,21.837980735481906
TU 0782 ,19.402526194906393
TU 0711 ,20.45751495657655
TU 0814 ,20.501514679645688
TU 0902 ,19.899999137307187
TU 0903 ,19.79328990639898
TU 0791 ,19.221301303950465
TU 0847 ,20.439080285664694
TU 0848 ,20.497750426753583
TU 0282 ,20.02992590310249
TU 0713 ,20.770956628520075
TU 0339 ,19.922682529284952
TU 0789 ,21.212309590413774
TU 0250 ,19.4711601852572
TU 0709 ,19.656412500982267
TU 0721 ,19.62028458905948
TU 0643 ,21.824770202377366
TU 5523 ,20.531859963168003
TU 0589 ,19.68020377855108
TU 0714 ,20.890341801568887
TU 0996 ,20.102375203530197
TU 0852 ,20.581457410864676
TU 0496 ,19.136836974807615
TU 0851 ,20.540453340490885
TU 0791 ,19.53435364140703
TU 0217 ,20.30229288692542
TU 0397 ,23.734103714506833
TU 0788 ,20.49779223135278
TU 0996 ,20.503771695015924
TU 0931 ,19.257721257119382
TU 0875 ,19.37746449351117
TU 0215 ,19.695025820164336
TU 0527 ,20.397324719379803
TU 0789 ,20.571637691526483
TU 0856 ,20.778354136404054
TU 0318 ,21.069808517404066
TU 5773 ,20.549922073455164
TU 0603 ,19.550037260703647
TU 6013 ,20.36529690174768
TU 0744 ,20.331509596873733
TU 0282 ,20.103630733777333
TU 0441 ,19.814625213606462
TU 0931 ,20.98843690961836
TU 0789 ,21.371646530320277
TU 0902 ,20.680429214983874
TU 0714 ,20.890341801568887
TU 4700 ,18.981186160647475
TU 0634 ,18.913819273249075
TU 0542 ,21.0664185406672
TU 6648 ,19.00522189515974
TU 0708 ,20.766664132162777
TU 0251 ,19.694482501934825
TU 0399 ,21.146549521287824
TU 0716 ,19.77590278179539
TU 0930 ,19.864120486797102
TU 0813 ,20.298281235531945
TU 6595 ,18.86365728117046
TU 0931 ,19.61128032344676
TU 0227 ,20.887580430120646
TU 0717 ,19.99649511560909
TU 0695 ,19.847438857576552
TU 0209 ,19.798362685045714
TU 0997 ,20.644026300117346
TU 0789 ,20.19385837083442
TU 0757 ,21.22403882722632
TU 0753 ,19.230996768234007
TU 6119 ,21.97244815912558
TU 0701 ,21.61248237905641
TU 0611 ,19.926259535023977
TU 6147 ,20.695800181625554
TU 0723 ,19.66266998918031
TU 0724 ,20.28617465612977
TU 0397 ,22.98285555412415
TU 0397 ,20.465840972199434
TU 0472 ,20.62280334809543
TU 0753 ,19.611234769359374
TU 0701 ,20.067565521403527
TU 0526 ,19.907516640867033
TU 0440 ,19.592257859913357
TU 8956 ,18.89462737903931
TU 0998 ,20.24180840800701
TU 0441 ,19.814625213606462
TU 0527 ,19.60864897143473
TU 0515 ,20.17113997046305
TU 0251 ,19.43794982646584
TU 0999 ,20.67300684867806
TU 6023 ,20.952311954086028
TU 0996 ,19.725407065429405
TU 0752 ,20.580180607678813
TU 0931 ,20.07891205957346
TU 0791 ,18.97948584636499
TU 7035 ,22.344546231213585
TU 0757 ,20.200020415400296
TU 0745 ,19.91812789443178
TU 0724 ,20.64711648972582
TU 0399 ,21.29718596505232
TU 0635 ,19.6377327991568
TU 0734 ,19.67944122803998
TU 7255 ,21.017722990931357
TU 0721 ,19.524057999128416
TU 0713 ,21.840576641791607
TU 0634 ,19.437142920082678
TU 0646 ,19.787255282998036
TU 4750 ,19.274552603923965
TU 7384 ,19.993045057992823
TU 0721 ,19.570473383668475
TU 8303 ,19.12157022442909
TU 0847 ,20.86782823519509
TU 8613 ,18.76961649893143
TU 0209 ,20.958879534421303
TU 0851 ,19.60534884820022
TU 0713 ,21.45639677526101
TU 9081 ,19.358653651885444
TU 0716 ,21.116245724480333
TU 0701 ,20.506631602088206
TU 0441 ,19.698551490726505
TU 7092 ,20.588135439504107
TU 0725 ,20.701294023212583
TU 0635 ,20.153297541694467
TU 0814 ,20.125706091334763
TU 0998 ,19.899999137307187
TU 0375 ,20.68031769608119
TU 0262 ,19.56708842333888
TU 0397 ,23.62378955696433
TU 7042 ,20.378534582794224
TU 6345 ,18.859417667328966
TU 0319 ,20.814301710697638
TU 0203 ,21.543252571484864
TU 0996 ,19.6713847812569
TU 7035 ,19.937690695617672
TU 0251 ,19.526153636333433
TU 0680 ,18.871891526969186
TU 7133 ,20.02895163566136
TU 0555 ,19.761727679602966
TU 0539 ,18.49363544230315
TU 0649 ,19.365543677909155
TU 6152 ,19.506421756672214
TU 0441 ,19.598284996655423
TU 0724 ,20.30025032872432
TU 0203 ,21.543252571484864
TU 9000 ,20.13374403959905
TU 0725 ,19.648698982426346
TU 0635 ,19.462748753048803
TU 0484 ,18.529993922714652
TU 0902 ,20.680429214983874
TU 0856 ,20.012456239044624
TU 0441 ,19.380612632835266
TU 0485 ,19.362737587859094
TU 0724 ,21.079863375070495
TU 0401 ,20.223120602283956
TU 0716 ,21.357203339689246
TU 0744 ,19.719871562874456
TU 8613 ,19.90640088402431
TU 0338 ,20.804311171454742
TU 0209 ,20.043355179900175
TU 0695 ,20.020112935915915
TU 8535 ,21.947875785819903
TU 6593 ,19.37221268795777
TU 0217 ,19.661797789829013
TU 0397 ,23.413423439690742
TU 4700 ,18.68620934407193
TU 0214 ,20.1539352779972
TU 0215 ,20.02368877838568
TU 0701 ,21.316837096010055
TU 0757 ,19.769770904150956
TU 0251 ,20.191033388559735
TU 2006 ,20.002823035783624
TU 0996 ,19.665091623759764
TU 0997 ,19.506016572432415
TU 0753 ,20.077505330680268
TU 0757 ,19.7436092732642
TU 7080 ,20.216931786917048
TU 0723 ,20.3787621186056
TU 0928 ,20.458022650059124
TU 0997 ,19.712739316033034
TU 7043 ,21.017722990931357
TU 0701 ,20.047784583010838
TU 0719 ,21.964793879863272
TU 0856 ,20.165772637114188
TU 0606 ,20.79014820856756
TU 0857 ,19.627392438195898
TU 0634 ,19.405611919159345
TU 0788 ,20.544279255501678
TU 0996 ,21.041361537745907
TU 0752 ,18.86380317436176
TU 0282 ,19.918717025133077
TU 0708 ,21.074016179406858
TU 0903 ,19.242617556088504
TU 0683 ,19.150066837824898
TU 0629 ,20.55654216902329
TU 0606 ,20.578949138219876
TU 0853 ,21.362623957079972
TU 0375 ,20.65497862679129
TU 0589 ,19.807315259677296
TU 0272 ,18.92579667719564
TU 0724 ,21.372646450801263
TU 7245 ,24.02656344414398
TU 6153 ,21.620865989309376
TU 0540 ,19.476368297557972
TU 0788 ,20.467041708631886
TU 0756 ,21.249323874082087
TU 0202 ,21.426796968998556
TU 0339 ,20.87559477638055
TU 0712 ,20.55851243991023
TU 0757 ,20.21734094507191
TU 0719 ,21.373764385384526
TU 0857 ,20.126314529948637
TU 0217 ,19.5222602009148
TU 8224 ,19.064376048989494
TU 0930 ,21.129200775214684
TU 0847 ,20.97991223575017
TU 0996 ,19.679178931055688
TU 0441 ,19.523153587142453
TU 8225 ,20.833543571099085
TU 0756 ,21.249323874082087
TU 6122 ,20.017522136496947
TU 0588 ,18.158410280678957
TU 0902 ,19.751845597722355
TU 0757 ,20.878798012658784
TU 0217 ,21.118986748659626
TU 0744 ,20.211245487709526
TU 0711 ,20.724971856784432
TU 0788 ,20.223078626328423
TU 0700 ,19.927247078173266
TU 2008 ,18.076942735938736
TU 7230 ,20.35707603543127
TU 0441 ,19.897977802336005
TU 0853 ,19.78296644922791
TU 0999 ,21.10963314303277
TU 6539 ,19.622287025328642
TU 6125 ,21.43571711146196
TU 0694 ,20.06876097801675
TU 0514 ,20.59689084836696
TU 0783 ,20.123021154589956
TU 0814 ,20.881931656195576
TU 0515 ,21.43712289017778
TU 0745 ,19.466163163088716
TU 0628 ,20.076841193992237
TU 6111 ,20.57713215051365
TU 6553 ,19.928238994090368
TU 0283 ,20.978105864851813
TU 7080 ,20.077470998499535
TU 0847 ,20.57794745920554
TU 0462 ,20.010292934478887
TU 0214 ,21.02275104406205
TU 7041 ,21.851834188435888
TU 6498 ,18.75698099117099
TU 8956 ,19.237442485319626
TU 6499 ,19.393102002105735
TU 0857 ,20.126314529948637
TU 2901 ,19.55922029704721
TU 0930 ,19.92745422337487
TU 0711 ,20.540875779430404
TU 0788 ,20.111585564520173
TU 0744 ,20.211245487709526
TU 0515 ,22.221353175553187
TU 0250 ,18.472087424893285
TU 0708 ,20.360247047822874
TU 0251 ,19.906038038307894
TU 0724 ,21.334919482235353
TU 0929 ,19.899194723299058
TU 0399 ,23.53422803521177
TU 0714 ,20.52577625514145
TU 7248 ,20.244850012499498
TU 0711 ,20.986058795366343
TU 0283 ,19.626540861538313
TU 0701 ,19.86883272700426
TU 0203 ,22.77870947752266
TU 0602 ,19.880265005830694
TU 0700 ,20.246395161178576
TU 0595 ,19.760460985094536
TU 0339 ,20.804146335381002
TU 0751 ,19.108445515130025
TU 0399 ,21.25976939360548
TU 0401 ,20.08636251678221
TU 0400 ,22.46857438597518
TU 4282 ,19.02715103474796
TU 0441 ,20.339628879428748
TU 0635 ,22.078004218147747
TU 6122 ,19.595182124153546
TU 6593 ,19.844236595403906
TU 0725 ,19.483288698667323
TU 0202 ,20.956460202838468
TU 0997 ,19.372778956098664
TU 0848 ,22.754277972525607
TU 7230 ,20.26892333081856
TU 0226 ,21.758393421057526
TU 0930 ,21.157708083953693
TU 0208 ,20.219588650689754
TU 0752 ,20.580180607678813
TU 0718 ,19.68566852558946
TU 0695 ,20.91772436344137
TU 0814 ,20.77943748387986
TU 0643 ,22.459031993638426
TU 0722 ,22.72296994634826
TU 6111 ,19.894098492770652
TU 6146 ,18.089814579818412
TU 0724 ,21.401153759540275
TU 0706 ,20.261331643883054
TU 0711 ,20.540875779430404
TU 0931 ,19.865366202303832
TU 0463 ,20.278106340132776
TU 0997 ,19.231914571892776
TU 6498 ,18.207605666195683
TU 6344 ,20.259534489657405
TU 0283 ,19.6883179745155
TU 6499 ,19.393102002105735
TU 0875 ,21.369795276132447
TU 0735 ,19.77136394605745
TU 0930 ,20.155044241077352
TU 0514 ,20.237239497450233
TU 0744 ,20.800786893322073
TU 0850 ,20.22526066641341
TU 0853 ,18.53271601315489
TU 0721 ,19.67470093496462
TU 0851 ,19.181187697135343
TU 0260 ,18.997187764547267
TU 0716 ,22.72296994634826
TU 7133 ,22.090466414619055
TU 0788 ,21.108069801852256
TU 0756 ,20.237131435880343
TU 6551 ,18.83885598243194
TU 0635 ,18.94927794085887
TU 0719 ,19.728262835587646
TU 7255 ,22.202703565944
TU 0214 ,20.61097470367677
TU 0996 ,20.747850189932933
TU 0756 ,20.490520650154323
TU 0463 ,20.468218164781476
TU 0669 ,20.609970226224895
TU 6553 ,19.643884086561233
TU 0541 ,20.511540672052416
TU 0753 ,20.301952104591063
TU 0484 ,19.566909852031113
TU 0856 ,20.109244476667676
TU 0847 ,20.680423269550957
TU 0208 ,21.199445113498832
TU 0338 ,21.01067531979764
TU 0752 ,20.26333512854443
TU 0931 ,19.79328990639898
UG 1300 ,19.654038705910992
TU 6290 ,18.883179508420554
TU 0856 ,20.987084714096184
TU 6291 ,19.820497138378794
TU 0998 ,19.824329864425835
TU 6593 ,20.525935791376654
TU 7045 ,21.851834188435888
TU 2002 ,19.531705921796032
TU 0542 ,19.713046652711427
TU 0711 ,20.80270392247444
TU 0750 ,20.13581459323868
TU 0718 ,19.97134531818531
TU 0635 ,19.6377327991568
TU 0848 ,23.027354696848246
TU 0722 ,22.72296994634826
TU 0216 ,20.58152617564326
TU 0853 ,19.25963585428375
TU 0928 ,19.625618996207916
TU 0724 ,20.054146839988064
TU 0208 ,21.034186843319663
TU 0718 ,20.03722707907214
TU 8713 ,19.09200672328482
TU 0757 ,20.878798012658784
TU 0720 ,20.03179194471651
TU 7080 ,20.358925534489682
TU 0485 ,20.153517418225018
TU 9081 ,19.961254323362144
TU 0756 ,19.94064114539615
TU 0997 ,20.644026300117346
TU 0753 ,19.52651779068045
TU 0712 ,21.511264741482183
TU 0440 ,20.676350430605236
TU 0722 ,22.384320018752923
TU 0282 ,21.004209925326
TU 0875 ,20.812361321670355
TU 0283 ,20.829084847636747
TU 0735 ,19.686078856507596
TU 0724 ,19.76716232969091
TU 7033 ,21.548680561466902
TU 0463 ,20.41963252910738
TU 0718 ,20.015948893952274
TU 0997 ,19.899194723299058
TU 0753 ,19.187428947766215
TU 0789 ,21.080456852060507
TU 7046 ,20.00798061078992
TU 0745 ,20.538190521332226
TU 0998 ,19.861944323605073
TU 0441 ,20.46597960644838
TU 0999 ,19.554996666959358
TU 0723 ,21.964793879863272
TU 0399 ,22.485794164442577
TU 7248 ,19.404226266004688
TU 0880 ,21.111507204479203
TU 0716 ,21.2460813745125
TU 0930 ,21.109412117628978
TU 0282 ,20.217199896734396
TU 6551 ,19.26546569814843
TU 0717 ,21.81327515631533
TU 0496 ,19.095759790256487
TU 7244 ,19.64728445384086
TU 0497 ,18.698296876878583
TU 0711 ,20.983777011519013
TU 0338 ,21.272306253750994
TU 7039 ,21.506853039944325
TU 8305 ,19.476585167733074
TU 6553 ,20.116251133499787
TU 0215 ,19.63241912343565
TU 0722 ,21.030186732304927
TU 0646 ,19.704006658902948
TU 0998 ,20.87225451364475
TU 7036 ,20.381405490388634
TU 0791 ,20.523365576188986
TU 0647 ,20.029346006524435
TU 8303 ,19.440238739593518
TU 8538 ,18.686732649855696
TU 0711 ,19.93255947028931
TU 0788 ,20.835206320673688
TU 6290 ,18.72599550291636
TU 0852 ,20.82852267272897
TU 0216 ,20.430984378454557
TU 0724 ,19.76716232969091
TU 3067 ,21.9189326240713
TU 0725 ,19.728262835587646
TU 0282 ,20.319018610443422
TU 0214 ,20.14676180478356
TU 0711 ,21.040413885921943
TU 0543 ,19.921832362795413
TU 0753 ,19.769770904150956
TU 0701 ,20.68428332697067
TU 0902 ,19.652820485483222
TU 6538 ,19.38993829878708
TU 2004 ,17.573688129707918
TU 6648 ,19.702021030073993
TU 0725 ,19.43925664662486
TU 0635 ,20.054724375689272
TU 0249 ,22.164632029670884
TU 0711 ,20.18957759648548
TU 0752 ,20.301073021668337
TU 6141 ,21.380701088078332
TU 0701 ,19.398356515045826
TU 6344 ,20.665771080865355
TU 0929 ,20.46621806515321
TU 0711 ,20.45041360425272
TU 0694 ,19.181965748092306
TU 6593 ,19.057602056152326
TU 0756 ,21.246593561953706
TU 0718 ,21.2460813745125
TU 0588 ,19.2884985723759
TU 7122 ,19.268016667390736
TU 6220 ,19.355031688911197
TU 0251 ,18.558851987135853
TU 0853 ,18.569336125470763
TU 0680 ,19.481193044381165
TU 0723 ,20.559208605881913
TU 0930 ,20.860098937955303
TU 0202 ,21.426796968998556
TU 7234 ,20.50226541848199
TU 0635 ,19.6377327991568
TU 0789 ,20.006630359847215
TU 0496 ,19.701595348398328
TU 7244 ,18.99157416993943
TU 0227 ,21.246389458854274
TU 8304 ,19.613302964243818
TU 0744 ,20.018544538253852
TU 0526 ,21.251022845933072
TU 0339 ,21.29367003988235
TU 0215 ,20.19385837083442
TU 0701 ,19.911672418018902
TU 7037 ,21.899013423902876
TU 0930 ,19.893618579878442
TU 0282 ,21.148634655009506
TU 8613 ,19.388302954728395
TU 0635 ,18.94927794085887
TU 4283 ,21.38102583897203
TU 0753 ,19.454355480389204
TU 8630 ,19.663208113987938
TU 0397 ,22.909124796963695
TU 0397 ,20.409080195123646
TU 0543 ,20.172034429853053
TU 6538 ,19.338008439884174
TU 2009 ,20.298539458731344
TU 0399 ,20.59722324220384
TU 0399 ,23.914876554256107
TU 7092 ,19.14209233449417
TU 0782 ,19.00292651939965
TU 0226 ,21.09761966526816
TU 0694 ,20.09034872037656
TU 0248 ,19.84438962164959
TU 0788 ,19.547571522594797
TU 0783 ,19.717524708634752
TU 0756 ,20.26388356978624
TU 0227 ,20.107872528958456
TU 0753 ,19.230996768234007
TU 6132 ,20.406404582924225
TU 0250 ,18.396681301826963
TU 0847 ,20.80368349890692
TU 0788 ,20.10864499806465
TU 0752 ,20.63633322920037
TU 0700 ,20.610013002460793
TU 0701 ,20.067565521403527
TU 0708 ,20.779892149080887
TU 0724 ,20.322211078842628
TU 0837 ,20.36512057384626
TU 6345 ,20.110995541469666
TU 8611 ,19.29011737188643
TU 0481 ,19.838614057526996
TU 0701 ,19.922682529284952
TU 0401 ,22.060591821739628
GJT 0830 ,23.168196855446034
TU 0526 ,20.557510395809054
TU 0744 ,20.809515369543224
TU 0282 ,20.30525874127267
TU 0202 ,21.257887463668588
TU 0527 ,19.502542112723578
TU 0848 ,20.41845666163101
TU 7254 ,20.274493029515767
TU 0440 ,19.59205302852604
TU 0496 ,18.870430357963084
TU 6152 ,18.591702055937507
TU 0607 ,19.819567025628313
TU 6153 ,20.808249075231807
TU 0602 ,20.40108791217398
TU 0526 ,20.368988692068047
TU 0788 ,19.956267129731717
TU 0750 ,20.121984828992122
TU 0717 ,19.480680276581886
TU 0718 ,20.06718495145124
TU 8305 ,19.26694660982702
TU 0215 ,21.212309590413774
TU 0250 ,18.919034931248873
TU 0850 ,20.92481808700628
TU 8302 ,19.251820407998018
TU 0721 ,19.48403675785049
TU 0680 ,19.77440581905843
TU 0929 ,19.242617556088504
TU 0628 ,20.33897755866743
TU 0613 ,22.90345712715834
TU 7322 ,19.11688556304426
TU 2002 ,20.03962830443682
TU 0725 ,19.921458411422897
TU 0930 ,19.59340807059167
TU 2003 ,20.440449168663474
TU 0931 ,19.251748119060206
TU 0718 ,20.4339789061827
TU 0283 ,21.069182723950608
TU 0339 ,20.23929733956779
TU 0751 ,20.586329958920963
TU 0719 ,19.492753497579873
TU 0734 ,20.002805599352204
TU 0251 ,18.558851987135853
TU 6539 ,19.105983430643583
TU 7269 ,23.373476880892234
TU 6110 ,20.226398121515988
TU 0734 ,19.607743146976997
TU 6553 ,18.863545817822548
TU 0790 ,20.85381017919097
TU 0711 ,20.958820154644144
TU 0996 ,19.885146041769396
TU 0700 ,20.264734954730866
TU 0848 ,22.771539275210174
TU 0928 ,19.69249039876274
TU 6499 ,20.080458334094597
TU 0929 ,19.372778956098664
TU 0214 ,20.20577835457903
TU 0745 ,20.377988498792536
TU 0721 ,19.648698982426346
TU 0930 ,19.673768542885465
TU 0744 ,20.897809938199046
TU 0711 ,20.521365730923872
TU 7249 ,22.604314727405786
TU 0931 ,19.618485887967385
TU 0718 ,19.647690547102922
TU 7254 ,19.754130154888475
TU 0214 ,20.55818953905165
TU 0463 ,20.015758271134168
TU 0712 ,20.378875891856975
TU 0610 ,20.202116383073616
TU 0680 ,19.552501101478324
TU 0724 ,20.87661650495296
TU 0725 ,19.89805120854838
TU 0930 ,19.74745180392719
TU 0847 ,20.58394465369677
TU 0628 ,20.79476754585406
TU 0338 ,21.83333358054735
TU 0717 ,19.372356502467813
TU 0997 ,19.257721257119382
TU 6291 ,19.68832087804904
TU 0643 ,20.470275621179848
TU 4012 ,19.54760090693093
TU 0930 ,19.893618579878442
TU 0718 ,20.980836098071105
TU 0753 ,19.30269766086315
TU 0789 ,20.30229288692542
TU 6538 ,19.27207354183256
TU 0606 ,20.79445967737583
TU 0441 ,18.870094547348067
TU 0680 ,19.4711601852572
TU 0857 ,19.215793317722763
UG 0011 ,18.51112272327068
TU 7268 ,20.398871550596592
TU 0996 ,19.74804016946196
TU 0642 ,21.179945795974344
TU 0227 ,19.829079549939355
TU 0997 ,19.33009023110283
TU 0814 ,21.672545501683153
TU 0610 ,20.94522955181123
TU 0629 ,20.22237380754532
TU 0744 ,20.650993787944188
TU 0931 ,19.588159320783255
TU 0527 ,19.19123604492104
TU 0589 ,19.594643040356313
TU 0745 ,19.60602344864417
TU 0721 ,19.759666235862348
UG 0401 ,19.504057703140653
TU 0214 ,20.82247085236773
TU 0634 ,19.68795926607858
TU 0635 ,20.388986285600193
TU 7046 ,19.203335384909426
TU 0440 ,19.267185302334347
TU 0708 ,20.324882665134886
TU 0642 ,20.793209858598093
TU 0683 ,19.504755030067937
TU 0857 ,19.524967618855584
TU 0634 ,19.607743146976997
TU 0282 ,20.521736817459853
TU 0790 ,20.196113576248933
TU 7255 ,21.099881837495523
TU 0723 ,20.518677197090856
TU 6152 ,18.562566298636682
TU 7244 ,22.918352144052278
TU 0203 ,22.141528765195275
TU 0602 ,20.895961947045304
TU 0930 ,19.899999137307187
TU 0744 ,20.377362193365197
TU 0669 ,21.576387233032275
TU 0712 ,22.62481808306953
TU 0902 ,19.590606159791236
TU 0722 ,20.082200172598874
TU 0998 ,19.885146041769396
TU 0611 ,19.691746034122506
TU 0680 ,19.56185097908328
TU 7037 ,21.335852131448288
TU 0400 ,20.37307461914381
TU 0440 ,20.56636405962355
TU 0716 ,22.020549513902644
TU 0930 ,21.223237764501164
TU 0208 ,20.076037910150223
TU 8225 ,20.803998275040144
TU 0283 ,20.070794709522936
TU 4283 ,20.971150601356484
TU 4380 ,18.137520016738193
TU 8600 ,19.503300509036276
TU 0723 ,20.50761032762424
TU 4381 ,21.382677581369368
TU 5091 ,20.59982413946778
TU 0711 ,20.28439255967725
TU 0701 ,20.05563505962286
TU 0588 ,19.96418817714467
TU 0526 ,21.252875899044135
TU 0716 ,21.699802175699944
TU 8712 ,19.11770191959119
TU 0209 ,19.816105668686212
TU 0745 ,19.404358066466024
TU 6132 ,20.406404582924225
TU 7040 ,19.562179766935657
TU 0847 ,21.07713754065602
TU 0790 ,20.432314756715947
TU 8084 ,17.27158849807333
TU 8085 ,20.080764402414687
TU 0735 ,20.681838590722077
TU 3362 ,20.958246144371316
TU 0836 ,19.114243039771136
TU 3508 ,19.83019227965826
TU 0930 ,19.83711970120755
TU 0711 ,18.803842071184107
TU 0463 ,20.278106340132776
TU 8611 ,20.15050891891104
TU 0695 ,18.84992025679752
TU 0757 ,20.525666801016104
TU 0708 ,18.83228523542111
TU 0682 ,19.274033137221426
TU 0251 ,19.52281243529707
TU 0589 ,19.53265396693881
TU 0706 ,20.328349216019713
TU 0261 ,20.76407547737227
TU 0554 ,19.030130399156196
TU 0711 ,19.9501138437042
TU 7249 ,21.263718107665564
TU 0555 ,21.5639298834293
TU 0635 ,20.071980602876
TU 0853 ,19.7436092732642
TU 0791 ,21.46713913676373
TU 5026 ,22.51995904947055
TU 0497 ,19.478190057657116
TU 0716 ,21.2460813745125
TU 4603 ,19.46526848003653
TU 0209 ,19.680425195508967
TU 0753 ,18.934993592503186
TU 0701 ,19.98669199495446
TU 0634 ,22.19943887177327
TU 0744 ,21.180597484025565
TU 0282 ,20.17552709587747
TU 0902 ,19.893618579878442
TU 6648 ,19.261292206919048
TU 0734 ,22.53829847312526
TU 0251 ,19.421436179803695
TU 0606 ,21.011550360411277
TU 0709 ,19.952262119299128
TU 0791 ,19.987267086347945
TU 0399 ,20.876912886525343
TU 0857 ,19.769770904150956
TU 0735 ,21.068316068807995
TU 0527 ,19.23265884018486
TU 0724 ,20.18286958468684
TU 0319 ,20.361771812997066
TU 0217 ,23.276138323812553
TU 0841 ,22.326644352301404
TU 7092 ,20.12019076919681
TU 0756 ,20.252339782949186
TU 0603 ,20.63803693124792
TU 0745 ,19.876820963295927
TU 0790 ,20.423213154393714
TU 0880 ,20.933427617953452
TU 0610 ,20.785188839658623
UG 0011 ,19.655614007843667
TU 0716 ,19.972648397570772
TU 0214 ,20.976463389316066
TU 0589 ,21.802639818395715
TU 0440 ,19.357447583537468
TU 6498 ,19.150401842570208
TU 0374 ,20.223920505778327
TU 0375 ,19.580645907625293
TU 0401 ,20.51320325496347
TU 0319 ,22.74257810302202
TU 0462 ,20.04901976368994
TU 0931 ,20.696354665565238
TU 0717 ,21.08985670384945
TU 0708 ,20.001272271852507
TU 0721 ,21.149513834769895
TU 0216 ,20.98460542697875
TU 0441 ,19.27102913061084
TU 0554 ,19.311674831073905
TU 0880 ,21.23324983584221
TU 0716 ,21.357203339689246
TU 0750 ,20.111191205049842
TU 0881 ,21.61428636687771
TU 0751 ,19.096284381474188
TU 7234 ,23.26388124440856
TU 0648 ,19.25160289399815
TU 0700 ,20.172147382262327
TU 0272 ,18.92579667719564
TU 0273 ,20.214006680730506
TU 0602 ,20.858338779057625
TU 0595 ,20.178616944687185
TU 8305 ,19.105983430643583
TU 0282 ,21.148634655009506
TU 0856 ,20.17424973943723
TU 0857 ,19.27048989532563
TU 0681 ,19.090777986505127
TU 9097 ,19.454507289015538
TU 0750 ,19.996829559338508
TU 0702 ,21.04266275110345
TU 8613 ,18.836653408066464
TU 0629 ,20.55654216902329
TU 0789 ,19.946197732095204
TU 0720 ,19.91326945507417
TU 4602 ,19.12805094610811
TU 0642 ,20.551919076777992
TU 4380 ,18.716981044157873
TU 0856 ,20.109244476667676
TU 6593 ,19.680382689314452
TU 0791 ,20.25620569494105
TU 4381 ,20.280918695996462
TU 0282 ,19.724404592163705
TU 0996 ,19.99231781186517
TU 0752 ,22.26801833519416
TU 0283 ,19.869477648982354
TU 0215 ,21.212309590413774
TU 0902 ,20.10347977574855
TU 0250 ,18.355807805919095
TU 0440 ,19.357447583537468
TU 0374 ,20.422983439574526
TU 6538 ,19.723909104564253
TU 0280 ,18.881713802936172
TU 0711 ,20.540875779430404
TU 0744 ,20.377362193365197
TU 0783 ,20.169924642920527
TU 7262 ,19.789168371696586
TU 0610 ,20.09028568621061
TU 0791 ,20.000826151740565
TU 0716 ,20.015948893952274
TU 0788 ,19.8835207918703
TU 0752 ,19.77482691875457
TU 0931 ,19.67326553444457
TU 0527 ,20.463223795611768
TU 0745 ,21.300075221427786
TU 0857 ,21.211104027730215
TU 0514 ,20.879599479670315
TU 0903 ,19.813956643984316
TU 0202 ,21.426796968998556
TU 0723 ,20.53388864820602
TU 0607 ,21.047438622311134
TU 0791 ,19.876671609086454
TU 0753 ,19.454355480389204
TU 0683 ,19.878309014500704
TU 0589 ,18.7210813414634
TU 0643 ,20.38192644962059
TU 0563 ,20.962643983288395
TU 0399 ,23.05292834074175
TU 6550 ,18.387092642617123
TU 0634 ,19.561099719534752
TU 0515 ,20.069629887088343
TU 0648 ,19.77905126266951
TU 0850 ,21.455201463717216
TU 0722 ,19.887884391176232
TU 0705 ,19.920595107223406
TU 0499 ,19.939392165964904
TU 0375 ,19.78911618839792
TU 0735 ,20.137990617903764
TU 0273 ,20.214006680730506
TU 8304 ,19.278662932751867
TU 0711 ,19.9908828128588
TU 0527 ,20.943263602571864
TU 9052 ,19.935004948365915
TU 0251 ,19.526153636333433
TU 4750 ,19.625366573071872
TU 0318 ,21.175590931434485
TU 0783 ,19.188675963580497
TU 4751 ,21.435017179085047
TU 8303 ,19.26694660982702
TU 0319 ,20.52263126628575
TU 0203 ,20.819628219301585
TU 0400 ,22.710976212147113
TU 0635 ,19.20375770470823
TU 0720 ,21.386430079622443
TU 0998 ,19.293618810535826
TU 0853 ,19.229193941946573
TU 8331 ,21.36773641135737
TU 0701 ,19.98669199495446
TU 0462 ,19.8449156589625
TU 0930 ,20.3886727459467
TU 0711 ,20.149881961722045
TU 0215 ,23.276138323812553
TU 0903 ,21.449299276471898
TU 0722 ,21.57939171514371
TU 0721 ,19.648698982426346
TU 6539 ,18.644284214769264
TU 0735 ,18.461677323109814
TU 0724 ,19.965045089322242
TU 0814 ,20.409268762357783
TU 0681 ,19.670458323843388
TU 0717 ,19.570473383668475
TU 0720 ,19.8490932317664
TU 0374 ,20.41163872383542
TU 0722 ,21.116245724480333
TU 0850 ,20.940537178121225
TU 6553 ,19.822796397733867
TU 0397 ,20.17903499103533
TU 0668 ,19.599796646806904
TU 0723 ,19.762317444479294
TU 0527 ,19.75381057906975
TU 0203 ,21.760801303348796
TU 0790 ,20.356702783362724
TU 0813 ,21.09902737202013
TU 0282 ,20.217199896734396
TU 0997 ,20.877213222871546
TU 0753 ,20.76742938451239
TU 0683 ,19.039526605254824
TU 0643 ,21.667036856289116
TU 0706 ,20.55851243991023
TU 0930 ,19.864120486797102
TU 0788 ,19.92365931421459
TU 0527 ,19.820424266140407
TU 0629 ,19.934243841256663
TU 0539 ,19.342655022014906
TU 0606 ,20.611371828452487
TU 9055 ,21.337764604979807
TU 0874 ,21.206833400012236
TU 0700 ,20.386417078189464
TU 0463 ,19.5024968423693
TU 0202 ,20.541272303265778
TU 0719 ,21.015013390732992
TU 0928 ,19.87246484983728
TU 0319 ,20.735126842526554
TU 0682 ,18.189842920474877
TU 0282 ,20.9594341709084
TU 0750 ,20.362116198287872
TU 0756 ,20.27331016185761
TU 0852 ,21.29026537733711
TU 0397 ,20.514608108713663
TU 0724 ,19.97134531818531
TU 0929 ,19.666320888700923
TU 0788 ,20.13613272188957
TU 0997 ,19.79328990639898
TU 0789 ,20.09139172116015
TU 0374 ,21.133295800679097
TU 0318 ,21.17219744104998
TU 0399 ,20.532797195308817
TU 0735 ,19.865690869833273
TU 0527 ,21.00774247889226
TU 0681 ,19.526153636333433
TU 0725 ,19.43925664662486
TU 0717 ,19.658235751316735
TU 0249 ,21.01415200145511
TU 0814 ,20.68257686479064
TU 0603 ,20.011840960886303
TU 0668 ,18.948252106779666
TU 0716 ,19.46065506056741
TU 0930 ,19.878517607192727
TU 0931 ,19.401218046013135
TU 0717 ,19.330234974251344
TU 0791 ,19.64351681181832
TU 0216 ,20.76657812376201
UG 1301 ,22.090876150666126
TU 0724 ,19.63230549088675
TU 0716 ,21.17065176205404
TU 0752 ,20.43362714007722
TU 0635 ,19.33384722922226
TU 0997 ,19.69996586608219
TU 0722 ,21.386430079622443
TU 0709 ,19.565145259939005
TU 0643 ,22.002475826977324
TU 0841 ,22.39768309508184
TU 0847 ,20.01399286083284
TU 0282 ,20.748678952620775
TU 0711 ,20.28439255967725
TU 0750 ,20.471238890164127
TU 0514 ,20.733938846816365
TU 0790 ,20.721945897656934
TU 0374 ,21.010823647882667
TU 0998 ,20.120049619204575
TU 0606 ,20.7069760772374
TU 0226 ,21.290416112517956
TU 0543 ,21.10775079675966
TU 0701 ,19.680064714094307
TU 0497 ,19.478190057657116
TU 0540 ,18.57594051484499
TU 0996 ,21.109412117628978
TU 0595 ,20.00597237516536
TU 0717 ,19.67470093496462
TU 0751 ,20.972328880965982
TU 0720 ,20.962348490477655
TU 0646 ,19.56551946269495
TU 0724 ,20.054146839988064
TU 0711 ,20.28439255967725
TU 0752 ,21.29026537733711
TU 0848 ,21.70449359138232
TU 0931 ,20.203380849312605
TU 0473 ,19.52731481383812
TU 0481 ,19.94066497353173
TU 0757 ,19.464221113870835
TU 0700 ,20.379167290731417
TU 0611 ,20.77263337128591
TU 4602 ,18.679738399700906
TU 7451 ,19.556978966701095
TU 0724 ,20.082200172598874
TU 0716 ,21.352857793215552
TU 0930 ,20.747850189932933
TU 0752 ,20.383320435350058
TU 0635 ,19.38780852520371
TU 0723 ,19.62028458905948
TU 0399 ,24.75628299970195
TU 0716 ,21.030186732304927
TU 0756 ,20.165772637114188
TU 0643 ,20.74824835773617
TU 0700 ,20.2324332607699
TU 0756 ,20.764364953257726
TU 0441 ,20.903710238381723
TU 0374 ,20.16258336522033
TU 0202 ,20.541272303265778
TU 3515 ,20.792915802394436
TU 0724 ,20.03179194471651
TU 0790 ,20.440833430321156
TU 0209 ,19.727590371862675
TU 0700 ,20.601968354876348
TU 0902 ,21.109412117628978
TU 0998 ,20.252585406956264
TU 0375 ,19.580645907625293
TU 0613 ,20.77368468363029
TU 0999 ,19.87807242467813
TU 0724 ,20.393995373198305
TU 0874 ,20.348770495453145
TU 0700 ,20.50426839489142
TU 0875 ,19.546244305713884
TU 0283 ,20.9433514273741
TU 0997 ,20.877213222871546
TU 0751 ,19.181187697135343
TU 0602 ,20.998176295816425
TU 0681 ,19.090777986505127
TU 0718 ,22.72296994634826
TU 0701 ,20.65497862679129
UG 0031 ,20.18201563219183
TU 0789 ,20.19385837083442
TU 0751 ,19.181187697135343
TU 0542 ,19.61630305939989
TU 0399 ,21.06362501859362
TU 0527 ,20.79136136284317
UG 0010 ,19.718808475054228
TU 0930 ,20.75706275462541
TU 0996 ,22.20381101330832
TU 0756 ,20.38335383628325
TU 0717 ,20.400939817575832
TU 0753 ,19.407474645311492
TU 0712 ,20.303121904170883
TU 0722 ,20.253276185770456
UG 0009 ,18.588009787510916
TU 0744 ,20.03940652102542
TU 0716 ,20.998836600187055
TU 0783 ,19.416651849846644
TU 0757 ,19.431715404237426
TU 0719 ,21.13554594495774
TU 0813 ,20.190130893177063
TU 0750 ,20.31984278978448
TU 0814 ,22.054336422531957
TU 0751 ,19.381572893451505
TU 0700 ,21.060696891647652
TU 0642 ,20.91468525964142
TU 0208 ,19.99092271836587
TU 0719 ,19.42564802527062
TU 0564 ,22.949137228831795
TU 0996 ,19.6713847812569
TU 0542 ,20.766793930194744
TU 0526 ,20.413241123402237
TU 0215 ,21.707829210444157
TU 6497 ,19.77543836375954
UG 0010 ,21.020678367484752
TU 0874 ,18.88702898518392
TU 0752 ,21.277934259482123
TU 0717 ,19.44173678854513
TU 0813 ,20.721699448018622
TU 0400 ,21.697336422531954
TU 0847 ,21.250806385237578
TU 0996 ,21.1208773707263
TU 0338 ,20.328976063956397
TU 0753 ,20.525666801016104
TU 0757 ,19.709807816984345
TU 0712 ,20.371205679665
TU 0998 ,19.794175196737807
TU 0613 ,20.06738054282315
TU 0930 ,20.942658903973403
TU 0700 ,21.60749755508631
TU 0515 ,19.823581164718405
TU 0717 ,19.816200467510033
TU 0718 ,21.375558793510674
TU 0931 ,19.812645791983947
TU 0628 ,20.345884469968972
TU 0723 ,20.184619003156516
TU 0589 ,19.72178813003588
TU 0716 ,20.03179194471651
TU 0700 ,20.930091223844784
TU 0711 ,19.788952934844374
TU 0814 ,22.29066540750448
TU 0227 ,21.376744364232483
TU 0374 ,21.55358113262839
TU 0722 ,21.57939171514371
TU 0913 ,20.612587867110236
TU 0634 ,19.018819205619305
TU 0472 ,20.356145081139672
TU 0635 ,19.469477068729933
TU 0526 ,20.524339418388305
TU 0709 ,20.54075510975565
TU 0716 ,21.021458614938116
TU 0711 ,20.02409484829235
TU 0996 ,20.10347977574855
TU 0283 ,20.921392904737857
TU 0997 ,19.99974162705922
TU 0791 ,19.710066007772983
TU 0588 ,19.146522393850123
TU 0902 ,21.067414643482607
TU 0903 ,19.231914571892776
TU 0209 ,19.82344518729838
TU 0713 ,19.594415671818318
TU 6496 ,18.870430357963084
TU 0720 ,19.967085577079366
TU 0848 ,20.827929232268513
TU 0722 ,19.76716232969091
TU 0724 ,20.778853677388362
TU 0440 ,19.900241069469118
TU 0700 ,20.777448166872922
TU 0997 ,19.251588157916572
TU 9000 ,19.275895962122107
TU 0894 ,18.505238066730843
TU 0725 ,19.728262835587646
TU 0209 ,19.60810341369471
TU 6595 ,19.542406375645797
TU 0215 ,20.898952356877135
TU 0789 ,19.136907887569077
TU 0683 ,20.301087681352673
TU 0998 ,20.87225451364475
TU 0723 ,19.89805120854838
TU 0214 ,20.242875260147912
TU 0711 ,20.704281025626564
TU 0717 ,19.79298193949527
TU 0745 ,19.872668027455816
TU 0757 ,19.352897707279798
TU 0526 ,21.260563514977665
TU 0375 ,20.87559477638055
TU 0216 ,20.61097470367677
TU 0713 ,20.52431959944853
TU 0841 ,22.39768309508184
TU 0700 ,20.386417078189464
TU 0226 ,21.19941296077931
TU 0814 ,20.501514679645688
TU 0753 ,19.52651779068045
TU 0613 ,21.05600972374769
TU 0724 ,21.401153759540275
TU 0217 ,20.47104773348152
TU 0397 ,21.71363772881236
TU 0214 ,20.428251446216745
TU 0753 ,19.27048989532563
TU 0719 ,20.547150677745826
TU 0709 ,20.13694283875008
TU 0723 ,19.227429168768154
TU 0711 ,20.958820154644144
TU 0789 ,20.792046854430932
TU 0841 ,20.990457790381654
TU 0724 ,19.976113430872623
TU 0554 ,18.665270010552113
TU 0788 ,20.10864499806465
TU 0847 ,21.493733869819675
TU 0542 ,20.39246191517916
TU 0756 ,19.851295330184794
TU 0880 ,20.853196047436345
TU 0397 ,20.82626344899647
TU 0722 ,19.4544743847039
TU 0706 ,20.678375399555872
TU 0874 ,20.405328208667623
TU 0716 ,19.7888719733663
TU 0700 ,20.435721326018804
TU 0725 ,19.227429168768154
TU 0463 ,19.18274643630502
TU 0725 ,20.788299449555605
TU 0756 ,19.948969834673534
TU 0209 ,19.99040483975944
TU 0757 ,19.293238580838853
TU 0719 ,20.53388864820602
TU 0214 ,21.02746068073416
TU 0716 ,21.2460813745125
TU 0790 ,20.768695791260807
TU 0930 ,20.35777250233766
TU 0756 ,20.357663269756937
TU 0931 ,19.67326553444457
TU 0791 ,20.932764516336032
TU 0718 ,22.489635292094746
TU 0282 ,21.010848624615054
TU 0283 ,21.396198811982764
TU 0607 ,19.978631132196607
UG 0011 ,19.52330466499318
TU 0399 ,20.65099742337798
TU 0750 ,20.31984278978448
TU 0997 ,21.449299276471898
TU 0226 ,21.635377272248043
TU 0712 ,20.378875891856975
TU 0375 ,21.769578869912362
TU 0723 ,19.97548333916959
TU 0606 ,20.808951706140316
TU 0996 ,18.95980168932317
TU 0756 ,20.018105338414202
TU 0745 ,19.392384153216167
TU 0753 ,19.407474645311492
UG 0008 ,19.979786368023273
TU 0216 ,20.917381708915208
TU 0527 ,19.466163163088716
UG 0010 ,20.13374403959905
TU 0813 ,20.82004200447043
TU 0214 ,19.86926422241907
TU 0790 ,20.20202161485613
TU 0789 ,20.792046854430932
TU 0374 ,21.55358113262839
TU 0463 ,19.778441477321067
TU 0841 ,21.44853611078104
TU 0399 ,21.339703403555507
TU 6498 ,19.200392439480453
TU 0788 ,19.019938591635743
TU 0526 ,20.260951448336215
TU 0700 ,20.910162894545078
TU 0706 ,20.436178967259544
TU 0724 ,20.980836098071105
TU 0441 ,19.712236930080355
TU 0283 ,20.264615498485966
TU 0338 ,20.328976063956397
TU 0722 ,19.76716232969091
TU 0216 ,21.244787895835938
TU 0217 ,21.025665856879417
UG 0011 ,19.90253879110657
TU 0634 ,19.15981099220215
TU 0642 ,20.44214580137601
TU 0997 ,19.271648408335864
TU 0635 ,18.461677323109814
TU 0705 ,20.521365730923872
TU 0722 ,19.4544743847039
TU 0857 ,19.259361138190556
TU 0706 ,20.48143893799425
TU 0397 ,22.7755375679094
TU 0635 ,19.33384722922226
TU 6539 ,19.66506109993129
TU 9095 ,18.918781559413354
TU 0251 ,19.694482501934825
TU 0607 ,19.815337931546242
TU 0717 ,19.79298193949527
TU 0790 ,20.27912364642553
TU 0722 ,21.57939171514371
TU 0215 ,19.946197732095204
TU 0757 ,20.237017267371773
TU 0719 ,19.400538659367864
UG 0045 ,19.862345873007218
TU 0790 ,20.437663414560948
TU 0374 ,21.55358113262839
TU 0463 ,19.374298180023093
TU 0719 ,20.66696297022004
TU 0563 ,20.6523088250228
TU 0217 ,19.67941568045841
TU 0214 ,20.1539352779972
TU 0716 ,20.025673125659527
TU 0752 ,20.69787487544177
TU 0717 ,19.648698982426346
TU 0718 ,21.239194845705764
TU 0848 ,20.52768127861894
TU 0722 ,20.729099234383106
TU 0246 ,19.964136538073696
TU 0851 ,20.780257009779472
TU 0216 ,20.437750079234338
TU 0791 ,19.487698746021476
TU 0716 ,19.76716232969091
TU 0338 ,19.93845350502227
TU 0441 ,19.712236930080355
TU 0215 ,20.56287200497115
TU 0708 ,20.336707819727064
TU 0790 ,21.353184921847333
TU 0902 ,19.986269393609618
TU 0723 ,21.403757535660738
TU 0399 ,20.597269059138657
TU 0208 ,19.97099864289996
UG 0401 ,20.110928297052507
TU 0789 ,21.212309590413774
TU 0473 ,18.766831984043584
TU 0374 ,21.83333358054735
TU 0998 ,20.187275823464518
TU 0701 ,21.472130883949227
TU 0397 ,21.20532128689455
TU 0999 ,19.61128032344676
TU 0724 ,21.334919482235353
TU 0750 ,20.264781459194943
TU 0997 ,19.6795679920075
TU 0339 ,20.793941307798697
TU 0753 ,20.92426817617223
TU 0681 ,19.901748232766323
TU 0542 ,20.304629202342667
TU 0250 ,19.601876101478325
TU 0606 ,20.576269033194887
TU 0629 ,19.922100522733814
TU 0724 ,22.489635292094746
TU 0813 ,21.283119225975074
TU 0744 ,20.387640227404766
TU 0930 ,19.317738810535825
TU 0997 ,20.969794539418213
TU 0397 ,20.863101839388634
TU 0723 ,20.44092329811285
TU 0724 ,20.42894970799529
TU 0930 ,20.252585406956264
TU 0756 ,20.490520650154323
TU 0717 ,21.373764385384526
TU 0757 ,19.288000224240296
TU 0722 ,21.030186732304927
TU 0217 ,20.112448742672065
TU 0214 ,20.06479054092024
TU 0716 ,19.4544743847039
TU 0752 ,20.622337255085295
TU 0756 ,20.12917793319622
TU 0215 ,19.759057399677584
TU 0757 ,20.128784839218234
TU 0714 ,19.91561410302775
TU 0526 ,21.232064517528908
TU 0543 ,21.15387063007336
TU 0527 ,20.68027464777291
TU 0999 ,19.666320888700923
TU 0247 ,19.807862244664197
TU 0913 ,20.16588029344251
TU 0214 ,20.104701260931844
TU 0283 ,20.134119245060226
TU 0319 ,20.3803945684115
TU 0647 ,19.889239887627497
TU 0711 ,20.28439255967725
TU 0996 ,19.92745422337487
TU 0750 ,20.035737276204898
TU 0397 ,20.532797195308817
TU 9027 ,20.65139058140624
TU 9006 ,19.46051837023147
TU 0634 ,19.15981099220215
TU 0788 ,20.10864499806465
TU 6538 ,19.38993829878708
TU 0399 ,21.451834574134715
TU 0724 ,20.042314335780414
TU 6005 ,20.033231999659062
TU 0216 ,20.417899017215994
TU 0903 ,20.245162847257767
TU 6005 ,19.62205235376363
TU 0716 ,22.384320018752923
TU 0790 ,19.67360821169226
TU 0753 ,19.744324741308276
TU 0202 ,21.205414110861003
TU 0683 ,20.455275032138914
TU 0215 ,20.81821289355313
TU 0734 ,19.264899451691605
TU 0723 ,20.67165987279372
TU 0634 ,18.936806062522784
TU 0788 ,20.55818953905165
TU 0725 ,19.79298193949527
TU 0202 ,20.353733981201923
TU 0718 ,20.628234646965957
TU 0848 ,22.771539275210174
TU 0515 ,19.43118003730724
TU 6497 ,19.892392095538188
TU 0706 ,20.521737979170812
TU 0892 ,18.909526311656183
TU 0893 ,19.557903215682046
TU 0202 ,20.956460202838468
TU 0208 ,19.91959248542632
TU 0788 ,20.467041708631886
TU 0338 ,20.627322221757098
TU 0215 ,21.204170859600623
TU 0745 ,19.64435040586424
TU 0339 ,20.671654496968582
TU 0374 ,21.01067531979764
TU 0480 ,19.3309934725399
TU 0705 ,19.93255947028931
TU 0515 ,20.17113997046305
TU 0914 ,19.650699791330798
TU 0716 ,22.384320018752923
TU 0514 ,20.397557812271504
TU 0463 ,18.76603143858331
TU 0997 ,20.864369750783908
TU 0751 ,20.68564031850123
TU 0718 ,19.84621643293346
TU 0902 ,20.26592840800701
TU 0588 ,20.065918399342035
TU 0246 ,20.8482174254054
TU 0724 ,19.976113430872623
TU 0813 ,20.03038609371163
TU 0711 ,20.400300827436933
TU 0725 ,19.653792176403034
TU 0643 ,21.97150077163755
TU 0753 ,19.25963585428375
TU 0610 ,20.373664950342445
TU 0375 ,21.44061733087272
TU 0913 ,20.202761679694316
TU 0714 ,20.64329894167156
TU 0790 ,20.100605287912565
TU 0514 ,19.75584059670273
TU 0472 ,20.726824943805312
TU 0752 ,20.623460289295156
TU 0745 ,19.94944416008862
TU 0526 ,19.87997254350044
TU 0709 ,21.314261877150543
TU 0527 ,19.40336222434591
TU 0713 ,21.016369132865915
TU 0931 ,19.798595183193
TU 0283 ,20.014786782481803
TU 0902 ,19.885146041769396
TU 0722 ,20.14629331292713
TU 0903 ,19.710380637753495
TU 3887 ,20.854190659463146
TU 0744 ,20.211245487709526
TU 0543 ,20.84870361519649
TU 6496 ,18.990118423408184
TU 0734 ,19.632507638671083
TU 6018 ,21.08987608340085
TU 0725 ,19.289250132210476
TU 0745 ,20.03921571694374
TU 0753 ,19.32023840837313
TU 0712 ,21.09344764265436
TU 0318 ,21.062209486984266
TU 0902 ,20.252585406956264
TU 0719 ,19.852714110249554
TU 0903 ,20.373109877004428
TU 0216 ,20.430984378454557
TU 0744 ,21.445994773260708
TU 0642 ,20.793209858598093
TU 0711 ,20.795566965443882
UG 1300 ,18.90861821557705
TU 0718 ,20.71986403258932
TU 0588 ,18.995632898181373
TU 0902 ,20.709801557400834
TU 0720 ,22.489635292094746
TU 0856 ,21.21654646835839
TU 0998 ,19.702607933739763
TU 0589 ,20.333101766646312
TU 0607 ,21.355262437603336
TU 0853 ,20.61239229987244
TU 0929 ,19.710380637753495
TU 0463 ,20.06559548382025
TU 0635 ,19.70781589434006
TU 0282 ,20.306089016910903
TU 6648 ,20.07294225369735
TU 0283 ,20.089419048347285
TU 6649 ,20.008189915166607
